20201921,rwike0@creativecommons.org,Retha,Fitzer,Wike,2001-07-31,0,1
20198586,mgiacomuzzo1@addthis.com,Muriel,Wildash,Giacomuzzo,2005-06-29,0,1
20123136,cpendre2@pagesperso-orange.fr,Clevey,Francois,Pendre,2003-06-16,1,1
20054165,vjoel3@friendfeed.com,Vallie,Jamary,Joel,1999-06-20,1,0
20079103,rfleeming4@nhs.uk,Raynor,Gulliman,Fleeming,2003-11-28,1,0
20018312,ckop5@google.com.hk,Carmine,Strong,Kop,2002-09-10,1,1
20124476,bclouter6@jigsy.com,Becka,Joburn,Clouter,2006-04-28,0,1
20100758,tgateshill7@hexun.com,Tomaso,Undy,Gateshill,2005-12-09,0,1
20008188,lschirach8@google.cn,Lorrayne,Perchard,Schirach,2004-09-28,1,1
20182940,ofermor9@businesswire.com,Opal,Warder,Fermor,2005-03-26,0,0
20085709,cbotterella@theglobeandmail.com,Conan,Horrell,Botterell,2002-01-10,1,0
20011090,bmillhouseb@sohu.com,Bessie,Sheals,Millhouse,1999-02-18,1,0
20142179,npursec@nih.gov,Nicolle,Plowright,Purse,2000-10-30,1,0
20000872,pdedond@hc360.com,Patty,Hayselden,Dedon,2005-10-19,1,0
20164346,wbrinsforde@linkedin.com,Wye,Arstall,Brinsford,1999-01-05,0,0
20164781,gmatzaitisf@merriam-webster.com,Gina,Welden,Matzaitis,2000-08-10,1,0
20014418,tfarnhillg@flickr.com,Terra,Brinded,Farnhill,1999-11-21,1,1
20000907,jheinzh@un.org,Judy,Coales,Heinz,2000-12-13,1,1
20211844,pmickleburghi@cornell.edu,Phoebe,Normaville,Mickleburgh,2001-02-14,0,0
20151338,hstainlandj@icq.com,Hyacinthia,Halston,Stainland,2005-10-17,1,1
20066620,nvarseyk@reference.com,Nicko,Sprosson,Varsey,2005-05-03,0,0
20072897,cthorneleyl@cdbaby.com,Cornall,Fontin,Thorneley,1999-12-15,1,1
20238974,lfearneym@prnewswire.com,Lucille,Foxton,Fearney,2004-12-15,1,0
20026275,dmcgruddern@github.com,Dominique,Pettman,McGrudder,2006-11-18,0,1
20107193,samero@freewebs.com,Sybila,Lello,Amer,2002-09-16,0,1
20111674,bmobleyp@google.cn,Baryram,Deniset,Mobley,2004-11-20,1,1
20121242,fjedrzejczykq@github.io,Freda,Duncombe,Jedrzejczyk,2004-04-20,0,0
20050379,kdecourcyr@wiley.com,Katerine,Gollop,de Courcy,2003-02-20,0,1
20139049,vputleys@weebly.com,Vicky,Pepperell,Putley,2003-02-15,1,1
20081574,bshillingt@netscape.com,Brier,Sworder,Shilling,1999-05-29,1,0
20187405,ecayzeru@e-recht24.de,Elyse,Culbard,Cayzer,1999-03-21,0,1
20023512,ilarrowayv@google.ca,Irving,Thomann,Larroway,2001-10-28,1,0
20099456,hklynerw@ustream.tv,Hortensia,Shea,Klyner,2006-09-20,1,0
20125495,mjuniferx@jugem.jp,Moyra,McTavy,Junifer,2001-08-07,0,1
20236121,biacobacciy@sphinn.com,Binni,Garritley,Iacobacci,1999-06-14,1,0
20141703,cpettisallz@bbb.org,Coop,Boughtflower,Pettisall,2002-08-25,1,1
20165714,jbaudacci10@unc.edu,Jone,Eastabrook,Baudacci,2000-10-26,0,1
20056618,sbuncombe11@google.es,Shel,Lukes,Buncombe,1999-06-13,0,1
20180596,mfontel12@tripadvisor.com,Meg,Winyard,Fontel,2005-07-08,0,1
20115072,agrunder13@omniture.com,Araldo,Cavalier,Grunder,2002-10-05,0,1
20187981,ccelez14@ucoz.ru,Cheri,Sandall,Celez,2003-08-13,1,1
20239917,ahawkyens15@ucoz.ru,Avram,Alcide,Hawkyens,2005-09-27,0,0
20104651,crockall16@mapy.cz,Christoforo,Speke,Rockall,2002-09-23,1,0
20065520,nabilowitz17@reverbnation.com,Naoma,Cutmare,Abilowitz,2003-05-14,0,0
20007180,hmalsher18@freewebs.com,Herve,Furst,Malsher,2005-01-01,0,0
20086275,cdesimone19@mapquest.com,Cully,Brereton,De Simone,2002-04-06,1,1
20050397,jmcgarvey1a@mtv.com,Jourdain,Drew-Clifton,McGarvey,2001-07-25,0,1
20085705,mcorse1b@patch.com,Maybelle,Jeff,Corse,2001-06-16,0,0
20200888,gmquharg1c@mlb.com,Gerri,De Winton,M'Quharg,2005-10-07,0,0
20106131,abolte1d@java.com,Anthia,Hessle,Bolte,1999-05-07,0,0
20040777,ahunnywell1e@4shared.com,Aland,Crawshay,Hunnywell,1999-07-11,0,1
20060103,omcilory1f@google.ca,Othello,Colchett,Mc Ilory,1999-04-02,0,1
20122747,dcoupland1g@sakura.ne.jp,Daron,Casbon,Coupland,2006-07-10,1,1
20128792,abrydson1h@stanford.edu,Adolph,Skarr,Brydson,2002-09-12,1,0
20097922,ikenright1i@shinystat.com,Isacco,Lightbowne,Kenright,2006-12-24,1,0
20191332,hrodriguez1j@clickbank.net,Hilda,Spritt,Rodriguez,2005-05-13,0,1
20210437,tbrandolini1k@blogger.com,Tiler,Cockin,Brandolini,2006-02-20,1,0
20150864,atruluck1l@slashdot.org,Ailina,Corragan,Truluck,2003-07-26,1,1
20234091,kblogg1m@vk.com,Kirbee,Dudbridge,Blogg,2001-05-05,1,1
20098483,pface1n@purevolume.com,Philly,Ferrari,Face,2006-10-24,1,0
20083504,jdunnett1o@apache.org,Joyann,Gutridge,Dunnett,2001-02-23,0,0
20235549,gpudney1p@blogtalkradio.com,Grange,Keenlyside,Pudney,2000-03-19,0,0
20009429,eeagling1q@xing.com,Euphemia,Baumber,Eagling,2003-09-27,0,1
20115055,mgildersleeve1r@hatena.ne.jp,Malynda,Metterick,Gildersleeve,2000-04-02,0,0
20135735,dcolleton1s@1688.com,Dela,Cruden,Colleton,2003-08-16,1,1
20217317,vbampford1t@census.gov,Vivyan,Towe,Bampford,2002-08-19,1,0
20019301,mhodgets1u@bloglines.com,Myranda,Potticary,Hodgets,2002-12-07,0,1
20129100,jnorthridge1v@hhs.gov,Jordon,Cromie,Northridge,2003-03-24,1,0
20137577,sbaudrey1w@pen.io,Starlene,De Brett,Baudrey,2000-11-29,0,0
20239134,alettsom1x@wikia.com,Annemarie,Worters,Lettsom,1999-03-08,1,0
20099065,bcribbin1y@technorati.com,Butch,Youson,Cribbin,2003-06-11,1,1
20224164,mtourry1z@amazon.de,Maude,Dreakin,Tourry,2003-06-07,0,0
20158406,kmartellini20@flavors.me,Kelley,Domney,Martellini,2000-02-07,0,1
20007943,lmcwhin21@hibu.com,Lianne,Tomlett,McWhin,2006-04-26,1,1
20082103,hbeagley22@ow.ly,Howard,Crunkhorn,Beagley,2003-03-06,1,1
20069859,kmoxley23@whitehouse.gov,Katie,Bartalucci,Moxley,2001-09-16,0,1
20189301,vgrainger24@cpanel.net,Vidovic,Cullen,Grainger,2001-04-17,0,0
20139545,benriques25@wikia.com,Bellanca,Annett,Enriques,2006-10-07,1,0
20032582,mcosty26@spotify.com,Melamie,Lapslie,Costy,2002-05-29,1,0
20130017,cbarenskie27@exblog.jp,Carri,Wyd,Barenskie,2003-12-12,0,0
20171720,lmcclaurie28@topsy.com,Leslie,Munson,McClaurie,2006-09-27,1,0
20068712,gcookes29@360.cn,Goldy,Feeley,Cookes,2001-01-10,1,1
20161691,ptroutbeck2a@nih.gov,Phillipp,Pink,Troutbeck,2005-11-12,1,0
20237896,jbydaway2b@360.cn,Joey,Gatling,Bydaway,2002-02-15,0,0
20057902,athorn2c@intel.com,Alberik,Calbert,Thorn,1999-10-12,0,0
20106783,aalston2d@about.com,Aldis,Squier,Alston,2000-03-18,0,1
20167765,ejolliss2e@hatena.ne.jp,Eugen,Dignum,Jolliss,2005-12-07,1,1
20184654,brummer2f@last.fm,Bryanty,Johnson,Rummer,2006-10-14,1,1
20009358,simpy2g@ustream.tv,Sutton,Wimlett,Impy,1999-09-23,0,0
20077468,wmaccarlich2h@typepad.com,Waring,L'Archer,MacCarlich,2005-06-26,1,0
20216632,eaddlestone2i@weibo.com,Erich,Keddie,Addlestone,2002-09-01,1,1
20236312,kgrabban2j@theguardian.com,Kirsti,Tidy,Grabban,2003-08-04,0,0
20126800,dfenne2k@toplist.cz,Diane,Howsan,Fenne,2002-06-06,1,0
20178916,lparkyns2l@cargocollective.com,Levy,Cordoba,Parkyns,2005-05-01,0,1
20192076,hbartolomivis2m@yellowpages.com,Helaine,Lewton,Bartolomivis,1999-11-15,1,0
20175095,ebatrop2n@berkeley.edu,Elli,Slaght,Batrop,2006-05-10,0,1
20049826,wbrach2o@narod.ru,Whitby,Lafaye,Brach,2003-05-11,1,1
20038381,ttowle2p@weebly.com,Thaxter,Rusling,Towle,2004-09-09,0,1
20196473,wwayland2q@vinaora.com,Wileen,Miranda,Wayland,2002-07-19,0,0
20158500,dswainson2r@xinhuanet.com,Donia,Stanislaw,Swainson,2003-09-29,1,0
20035396,dgilbart2s@topsy.com,Demetrius,Baughen,Gilbart,2001-04-02,0,0
20170716,awaything2t@etsy.com,Alie,Ortes,Waything,2006-04-04,1,1
20216592,bgierhard2u@mozilla.org,Brocky,Sommers,Gierhard,2003-09-10,0,1
20104008,ttruggian2v@flickr.com,Thorn,Tippetts,Truggian,2000-02-21,0,0
20212593,mshugg2w@storify.com,Maddy,Doylend,Shugg,2001-04-03,1,0
20131839,aamiable2x@typepad.com,Aloise,Stoltz,Amiable,2006-03-14,0,0
20092278,egorelli2y@hubpages.com,Eben,Gotliffe,Gorelli,2004-10-12,0,0
20233944,wstigger2z@mit.edu,Waylin,Hawkeridge,Stigger,2001-12-16,0,1
20055129,lhaggar30@barnesandnoble.com,Law,Mapholm,Haggar,2003-01-02,0,0
20074934,cstert31@phoca.cz,Concordia,Lamcken,Stert,1999-07-07,0,0
20150028,cspurryer32@fda.gov,Colline,Eschalette,Spurryer,2003-02-10,0,0
20069951,dbollin33@zimbio.com,Dwight,Rolls,Bollin,2003-06-13,1,0
20084581,rjeanneau34@yahoo.com,Rob,Dawltrey,Jeanneau,2001-08-15,1,0
20049858,dhue35@squarespace.com,Davida,Shoebotham,Hue,2004-05-20,1,0
20235772,bcottesford36@drupal.org,Babbie,Fildery,Cottesford,2001-09-01,0,0
20197411,vellor37@blinklist.com,Vinson,Akeherst,Ellor,1999-04-06,1,0
20227043,jmcinteer38@ftc.gov,Josy,Braune,McInteer,2006-12-08,0,0
20039425,sgiovannelli39@nymag.com,Saxon,Clother,Giovannelli,2006-05-04,0,0
20176593,eabrahamson3a@amazonaws.com,Ezri,Drysdell,Abrahamson,2003-05-28,0,0
20111970,pburdess3b@epa.gov,Pearce,Brisker,Burdess,2000-07-30,1,1
20180962,lstruan3c@washington.edu,Loretta,Rudolph,Struan,1999-11-14,0,0
20166527,lyoxall3d@europa.eu,Lissa,Vallentin,Yoxall,2004-01-31,1,0
20085604,dscroggins3e@mapy.cz,Deonne,Snap,Scroggins,2005-07-29,1,0
20078092,aburnard3f@imgur.com,Arther,Coverly,Burnard,2004-02-25,1,1
20182359,bshird3g@cam.ac.uk,Barton,Gavigan,Shird,2003-05-09,1,0
20140298,flillegard3h@who.int,Fern,Manifould,Lillegard,1999-07-23,0,0
20036209,bbuck3i@aol.com,Bartram,Boothman,Buck,2002-08-04,1,0
20150916,hbedle3j@ifeng.com,Hercules,Excell,Bedle,2004-05-08,0,1
20163803,hmacklin3k@prlog.org,Humbert,Heddon,Macklin,2000-02-06,0,1
20232342,lwimmers3l@indiegogo.com,Lidia,Deppen,Wimmers,2000-06-03,0,1
20058421,mvala3m@intel.com,Mace,Attride,Vala,1999-04-26,1,1
20182839,wsanchis3n@dyndns.org,Wilona,Vereker,Sanchis,2005-08-24,0,0
20145516,rfardy3o@blogger.com,Richie,Shefton,Fardy,2003-11-14,0,0
20188923,bfrancis3p@cnet.com,Belvia,Panter,Francis,2002-11-27,0,1
20099951,nmorgans3q@cnet.com,Nilson,McKelvie,Morgans,2002-06-07,0,1
20044700,bilyukhov3r@usgs.gov,Brigit,Rivalant,Ilyukhov,2005-11-18,0,1
20163182,lsoanes3s@printfriendly.com,Lani,de Broke,Soanes,2002-02-11,1,1
20213969,lharkness3t@dell.com,Loni,Duval,Harkness,2006-01-15,1,0
20001686,mbrickett3u@parallels.com,Margot,Brauns,Brickett,2003-09-13,1,0
20018253,csommerlie3v@slate.com,Costanza,Clackers,Sommerlie,2001-02-11,0,1
20183483,sbygate3w@phoca.cz,Sigismondo,De Giorgio,Bygate,1999-07-26,1,1
20043386,hdomenc3x@marketwatch.com,Hobard,Nairn,Domenc,2005-11-11,0,0
20063361,dnornable3y@xing.com,Drusi,Terrelly,Nornable,1999-08-09,1,0
20226079,bbirk3z@webnode.com,Bastien,Gawen,Birk,2001-11-14,1,1
20181670,malbisser40@google.co.uk,Milissent,Kleimt,Albisser,2005-10-15,1,1
20021131,jsmithers41@aboutads.info,Jaquenette,Camoletto,Smithers,1999-05-24,0,1
20028005,wcritcher42@ucoz.ru,Ward,Addey,Critcher,2006-08-20,0,0
20133275,bwelton43@domainmarket.com,Benny,Bearcroft,Welton,2003-05-17,0,1
20108326,rmartin44@buzzfeed.com,Renata,Bowmaker,Martin,2000-01-26,1,1
20017382,ksimms45@china.com.cn,Kelli,Bradtke,Simms,2005-12-05,1,0
20072546,gcorkill46@fema.gov,Grata,Gogarty,Corkill,2001-09-13,1,1
20099593,jgration47@webmd.com,John,Vitall,Gration,2001-09-02,0,1
20193853,ajowitt48@wikimedia.org,Avrom,Lattey,Jowitt,2001-07-01,0,0
20155332,hgaliford49@pagesperso-orange.fr,Herrick,Pickance,Galiford,1999-03-20,0,0
20225959,nduckett4a@hibu.com,Nikola,Jerrams,Duckett,2005-05-11,0,0
20041689,kpendre4b@flavors.me,Kelsey,Doey,Pendre,2003-12-25,1,1
20160197,cbarrett4c@pbs.org,Cornie,Pirrey,Barrett,2000-01-29,0,1
20044998,amcguane4d@google.com.hk,Abby,Russ,McGuane,2005-07-10,1,0
20228709,ctoon4e@europa.eu,Cori,Van Velde,Toon,2002-04-03,1,1
20159064,fspirritt4f@deviantart.com,Fairfax,Heigho,Spirritt,2000-11-28,0,1
20091599,cdionisio4g@google.de,Cordelie,Friedank,Dionisio,2003-11-11,1,1
20194052,lcaldairou4h@opensource.org,Lorain,Henke,Caldairou,2001-09-24,1,1
20184890,aleverett4i@unblog.fr,Aloisia,Craister,Leverett,1999-01-17,1,0
20171216,smarsters4j@spiegel.de,Sib,Leahy,Marsters,2006-04-22,0,0
20067784,rlaville4k@tamu.edu,Roxane,Escale,Laville,2000-10-25,1,1
20082477,lboor4l@scientificamerican.com,Lamar,Climar,Boor,2002-02-14,0,0
20059128,ecasebourne4m@cnn.com,Ethel,Champe,Casebourne,1999-05-21,0,0
20159925,aslaymaker4n@washington.edu,Andrey,Beelby,Slaymaker,2005-04-03,0,1
20230113,wfutter4o@acquirethisname.com,Win,Atthowe,Futter,1999-02-09,1,1
20213039,kdabner4p@nymag.com,Kalle,Fewtrell,Dabner,1999-08-23,0,0
20034219,dtunnow4q@rambler.ru,Dalt,Coxhell,Tunnow,2005-09-08,0,0
20014571,hkaming4r@comcast.net,Hilliard,Smouten,Kaming,2000-05-02,1,0
20028611,bozelton4s@hatena.ne.jp,Brynn,Probate,Ozelton,1999-02-16,0,0
20103607,npollicatt4t@zimbio.com,Noel,Offener,Pollicatt,2000-02-26,1,1
20065132,hdallaghan4u@printfriendly.com,Herbert,Duny,Dallaghan,2005-02-17,0,1
20233664,sdodworth4v@un.org,Stanislaus,Greenhaugh,Dodworth,1999-10-14,1,1
20196637,cstanggjertsen4w@example.com,Clifford,Pawelke,Stang-Gjertsen,2006-09-07,0,0
20115636,lmaren4x@skyrock.com,Lockwood,Rosedale,Maren,2003-02-03,1,1
20081828,hpartrick4y@washington.edu,Horatio,Grimsey,Partrick,2003-02-17,1,1
20012623,emckerron4z@time.com,Editha,Grotty,McKerron,2003-06-18,1,0
20000499,jqualtro50@zimbio.com,Jesselyn,Gascard,Qualtro,2000-08-22,0,0
20203312,apuddan51@arstechnica.com,Aurie,Coke,Puddan,2004-07-16,0,0
20008354,skaindl52@reddit.com,Seumas,Peggrem,Kaindl,2004-07-25,0,0
20123593,rkubacek53@so-net.ne.jp,Robina,Fearnsides,Kubacek,2004-10-26,0,1
20217127,mspelman54@digg.com,Mauricio,Simister,Spelman,2001-02-14,0,1
20127024,dcaldero55@twitpic.com,Dillon,Kigelman,Caldero,2000-11-09,1,0
20044359,bsahnow56@businesswire.com,Ben,Willbourne,Sahnow,2002-03-28,0,0
20079059,gbuntin57@washington.edu,Gail,Robichon,Buntin,2003-03-09,0,1
20187830,mcadell58@theguardian.com,Miguel,Balle,Cadell,2004-03-06,1,0
20177050,jcogdell59@ibm.com,Jodie,Aingel,Cogdell,2001-04-02,0,1
20121121,lterbrugge5a@tripadvisor.com,Lonni,Else,Terbrugge,2003-03-09,0,1
20209353,cstockle5b@npr.org,Cy,Gabbidon,Stockle,2003-11-15,1,1
20058205,lmelhuish5c@wp.com,Lorianna,Fleet,Melhuish,1999-06-26,0,1
20209488,sholley5d@4shared.com,Shanda,Po,Holley,2000-03-12,0,1
20083961,tmagson5e@g.co,Thornie,Wrangle,Magson,1999-04-25,0,0
20224727,jgariff5f@sciencedaily.com,Jeanette,Bertenshaw,Gariff,2001-08-28,0,0
20088580,mvaszoly5g@parallels.com,Matt,McCully,Vaszoly,2005-07-11,1,1
20047320,rsyme5h@bizjournals.com,Roslyn,Eldredge,Syme,2002-11-10,0,0
20188907,eshawdforth5i@kickstarter.com,Elsbeth,Marchi,Shawdforth,2002-03-11,0,1
20162349,ddurno5j@oakley.com,Diego,Healks,Durno,2003-01-08,0,0
20173288,twasbey5k@aol.com,Taber,Puddefoot,Wasbey,2001-08-11,0,0
20234276,ngoslin5l@nsw.gov.au,Nataline,Guitonneau,Goslin,2003-12-05,1,1
20037486,nemmot5m@washington.edu,Nelson,Scneider,Emmot,2002-03-31,0,1
20011842,ndoulden5n@diigo.com,Nil,Charnock,Doulden,2002-01-25,1,1
20159873,lschwant5o@phpbb.com,Lothaire,Tidcomb,Schwant,2004-10-15,1,0
20172717,nblatherwick5p@wikimedia.org,Norbie,Wiles,Blatherwick,2000-06-20,0,0
20035644,handriolli5q@ucoz.com,Harlen,Fasham,Andriolli,2003-03-29,1,1
20229695,hmarushak5r@1688.com,Hannah,Sirkett,Marushak,2000-06-09,0,0
20128447,sellerington5s@google.ru,Sibel,Blei,Ellerington,2005-06-12,1,1
20028127,mgrimoldby5t@un.org,Meggie,Hains,Grimoldby,2006-11-26,0,1
20001308,ebrodest5u@berkeley.edu,Elfie,MacNeilage,Brodest,2006-01-30,0,1
20057512,twines5v@unblog.fr,Truman,Critzen,Wines,1999-07-12,1,0
20172913,kfranzotto5w@jiathis.com,Konstance,Mattiello,Franzotto,2006-01-05,1,1
20053998,kpendleton5x@goodreads.com,Kristofer,Whitwood,Pendleton,2005-11-29,0,0
20135598,dstollberg5y@4shared.com,Drusilla,Imort,Stollberg,2001-08-09,1,0
20079089,gheisler5z@mediafire.com,Grenville,Roelvink,Heisler,2003-04-18,1,1
20149657,mwilmore60@icio.us,Mozelle,Pickerill,Wilmore,2005-03-14,0,0
20042379,cjacox61@ask.com,Chanda,Piatto,Jacox,2003-03-27,0,0
20081527,zbriiginshaw62@globo.com,Zacherie,Walkington,Briiginshaw,2002-10-10,1,0
20228353,dberre63@wp.com,Danell,Leng,Berre,2003-09-30,0,0
20052243,jeteen64@msn.com,Jillane,Boorn,Eteen,2000-04-12,1,1
20214181,ssaunier65@amazon.com,Shep,Adamini,Saunier,2001-05-16,1,0
20026843,gmaith66@go.com,Gwenni,Yarnley,Maith,2000-01-05,1,0
20019661,jlovelock67@flickr.com,Jori,Berfoot,Lovelock,2001-05-20,0,1
20130581,dmorgue68@ibm.com,Denice,cornhill,Morgue,2005-03-17,1,0
20034653,jcrichmer69@woothemes.com,Jimmy,Rudolfer,Crichmer,2005-04-01,0,1
20225249,elamminam6a@github.com,Ethelred,Fay,Lamminam,2001-09-16,1,0
20050965,rbending6b@cmu.edu,Rena,Willingale,Bending,2004-06-05,1,1
20019235,ocrevy6c@storify.com,Orlando,Varlow,Crevy,2002-06-15,0,0
20123687,dmardy6d@163.com,Dar,Raith,Mardy,2006-10-16,0,0
20067990,oalbrecht6e@a8.net,Orsola,Grzelczak,Albrecht,2006-04-03,0,1
20204761,mfurlonge6f@si.edu,Marijn,Sheivels,Furlonge,2003-06-27,1,0
20143295,vmacdougall6g@noaa.gov,Vanessa,Alliston,MacDougall,2005-10-14,1,1
20213725,yswaile6h@parallels.com,Yves,Morsley,Swaile,1999-04-06,1,1
20097798,cstorek6i@shinystat.com,Camille,Lumley,Storek,2003-04-20,0,0
20197845,wschiesterl6j@huffingtonpost.com,Walther,Ciotto,Schiesterl,2004-09-25,1,1
20179488,lcootes6k@apache.org,Louis,Chinge de Hals,Cootes,2001-04-27,0,1
20022371,hyele6l@usa.gov,Harrison,Maass,Yele,2006-03-14,0,0
20012372,ehullock6m@examiner.com,Evie,Brougham,Hullock,2003-05-08,1,1
20105846,rmerida6n@1und1.de,Reinhard,Kember,Merida,2002-03-18,0,0
20095517,csherrard6o@discovery.com,Carlita,Ferrarese,Sherrard,2000-06-16,1,0
20111766,landrewartha6p@sitemeter.com,Lockwood,Ruberry,Andrewartha,2000-04-01,0,0
20217745,zbolan6q@wiley.com,Zachariah,Harrhy,Bolan,1999-07-10,0,1
20130685,kenrigo6r@oracle.com,Kirk,Robyns,Enrigo,1999-01-14,1,0
20018433,wsibun6s@theatlantic.com,Walsh,Gallety,Sibun,2005-07-13,1,1
20086394,galwen6t@dmoz.org,Glenn,Cords,Alwen,2004-12-13,1,1
20135463,lclendennen6u@cbc.ca,Lidia,Andrysek,Clendennen,2006-09-23,0,1
20160262,ksolomonides6v@cafepress.com,Krysta,Withrop,Solomonides,2001-03-24,0,0
20141805,snorrie6w@pen.io,Seth,Dewett,Norrie,2001-03-08,0,1
20030960,rtheaker6x@dot.gov,Rebe,Lattin,Theaker,2004-03-22,1,0
20142145,gbrastead6y@fema.gov,Gay,Lloyds,Brastead,2004-08-17,1,0
20168939,lbremley6z@amazon.co.jp,Lonnard,Lett,Bremley,2002-07-06,0,1
20096003,ghurling70@bravesites.com,Gretta,Knevett,Hurling,1999-09-21,1,0
20017498,gellerman71@cbsnews.com,Gasparo,Figgins,Ellerman,1999-08-26,0,1
20078552,tricketts72@qq.com,Tallie,Prott,Ricketts,2004-02-22,1,1
20016836,mkorpal73@newsvine.com,Meg,Beels,Korpal,2001-09-03,0,0
20071411,mquigg74@mashable.com,Merrilee,Tabourin,Quigg,2001-09-14,0,0
20144677,nlackney75@dedecms.com,Nyssa,MacFadden,Lackney,2005-07-07,1,0
20157574,ffrenzl76@wikispaces.com,Franny,Cloutt,Frenzl,2005-04-14,0,0
20049583,ctrask77@economist.com,Cornell,Mc Meekin,Trask,1999-01-17,0,0
20023188,mlitchfield78@ustream.tv,Mable,Warricker,Litchfield,1999-08-23,1,0
20183560,sarnoult79@mapquest.com,Sheelah,Artrick,Arnoult,1999-10-08,0,0
20117072,ratwater7a@globo.com,Robina,McCheyne,Atwater,2006-09-05,0,1
20020920,adyka7b@sourceforge.net,Albina,Thurlborn,Dyka,1999-02-04,0,1
20159665,eeddicott7c@mozilla.org,Ester,Ellwell,Eddicott,2004-05-06,0,0
20186394,tbush7d@smh.com.au,Trix,Syred,Bush,2002-05-01,1,0
20008894,cavramovitz7e@t.co,Chandra,Bumpass,Avramovitz,2000-07-31,1,1
20174974,cmishow7f@merriam-webster.com,Cybil,Lesly,Mishow,2003-09-20,0,1
20237462,tsymondson7g@mapy.cz,Tucky,Lacroix,Symondson,2001-04-06,1,1
20016255,achambers7h@blogger.com,Augustus,Gowing,Chambers,2003-11-02,0,1
20207727,nrainy7i@last.fm,Nonnah,Bartlomiej,Rainy,1999-11-11,1,0
20167819,renevoldsen7j@163.com,Rebekah,Flewett,Enevoldsen,2006-08-22,1,1
20219601,dphelip7k@blogs.com,Desirae,Bandy,Phelip,2003-02-19,0,0
20016606,gpickston7l@google.nl,Gaby,Darwen,Pickston,2003-08-22,0,0
20139157,yeley7m@google.es,Yettie,Ubanks,Eley,2005-10-13,0,0
20228689,vhair7n@japanpost.jp,Violet,Peartree,Hair,2006-10-21,1,0
20087081,shuyton7o@tuttocitta.it,Sallyann,Klauer,Huyton,2006-07-01,0,1
20163637,mlockhurst7p@npr.org,Mac,Bartoletti,Lockhurst,2004-05-30,0,1
20215264,cfree7q@amazon.com,Cass,Ickov,Free,2002-02-07,0,0
20001679,owilden7r@economist.com,Oriana,Kitteringham,Wilden,1999-09-10,1,0
20163602,gpapachristophorou7s@php.net,Genni,Dunckley,Papachristophorou,2005-11-25,0,1
20036614,mpywell7t@japanpost.jp,Madison,Thurborn,Pywell,2001-10-13,1,0
20000689,vblanche7u@ucoz.com,Vernen,Farnhill,Blanche,2001-11-10,1,1
20080825,hschubbert7v@utexas.edu,Hildagarde,Lissandrini,Schubbert,1999-04-16,0,1
20066282,dbodd7w@si.edu,Darsey,Brewitt,Bodd,2000-02-05,0,0
20098821,hbetham7x@mapy.cz,Hedy,Fox,Betham,2001-10-19,0,0
20130754,agounod7y@pbs.org,Angelita,Abdie,Gounod,2000-10-22,1,0
20061074,wmacshirrie7z@smh.com.au,Wallis,Donisi,MacShirrie,2002-04-13,1,0
20200161,bcamfield80@youku.com,Barrett,Yepiskov,Camfield,2004-04-11,0,0
20190694,oemilien81@mysql.com,Ola,Pomphrey,Emilien,2003-01-17,1,1
20066246,tcastagnaro82@samsung.com,Tiffi,Hurt,Castagnaro,2000-11-24,1,0
20160691,ggovinlock83@home.pl,Glynis,Burberow,Govinlock,1999-01-02,1,1
20029819,ssilvers84@howstuffworks.com,Sigismund,Airton,Silvers,2005-09-22,0,0
20015202,ktousey85@biblegateway.com,Kessia,Ekins,Tousey,2001-02-09,1,0
20062229,flaphorn86@liveinternet.ru,Fern,Belton,Laphorn,2005-11-05,1,1
20199857,pwyke87@networksolutions.com,Perren,Cyphus,Wyke,2004-10-20,0,1
20177361,evitall88@jigsy.com,Emmett,Fleis,Vitall,2002-11-06,1,1
20015851,eferrarini89@biglobe.ne.jp,Ettie,Moring,Ferrarini,1999-03-16,0,0
20098971,hmaultby8a@aboutads.info,Hettie,Hoggetts,Maultby,2001-12-26,0,1
20215696,owomack8b@weather.com,Orlan,Tunbridge,Womack,2004-12-10,0,0
20065534,rpentland8c@springer.com,Riccardo,MacAllister,Pentland,2006-12-30,0,0
20008027,ehanvey8d@purevolume.com,Ernestine,Hayes,Hanvey,2005-10-04,1,0
20114482,fborit8e@umich.edu,Felicia,Cochran,Borit,2003-10-31,1,0
20232129,vsendall8f@fotki.com,Vidovic,Deely,Sendall,2000-04-05,1,0
20137434,lstormes8g@sun.com,Libby,Pentland,Stormes,2003-01-21,0,1
20146928,aspera8h@livejournal.com,Audry,Synke,Spera,2006-10-31,1,1
20020697,nstille8i@psu.edu,Nester,Antonio,Stille,2004-11-07,1,0
20053746,ibeavan8j@admin.ch,Irvine,MacMakin,Beavan,1999-10-14,1,0
20188957,bbelin8k@unblog.fr,Berthe,Sprason,Belin,2000-05-02,0,0
20218471,mstammler8l@theglobeandmail.com,Meghann,Waudby,Stammler,2004-05-13,0,1
20216201,nbyres8m@irs.gov,Nell,Yashin,Byres,2001-11-24,0,0
20204002,hlytell8n@discovery.com,Huntley,Heppenspall,Lytell,2003-09-23,1,1
20156001,emaccheyne8o@zimbio.com,Elora,Rapper,MacCheyne,2005-01-02,0,0
20201709,bstandfield8p@eventbrite.com,Barron,Fluin,Standfield,2005-11-05,0,0
20057981,megginton8q@usatoday.com,Melosa,Ferrick,Egginton,2005-08-29,0,1
20221909,bfakes8r@goo.ne.jp,Benedetto,Outerbridge,Fakes,2000-11-05,0,0
20095857,llebrun8s@g.co,La verne,Gallahue,Lebrun,2004-11-30,0,0
20161490,onapoli8t@technorati.com,Olivie,Halt,Napoli,1999-04-13,1,0
20008092,gbuney8u@wikia.com,Genvieve,Emmines,Buney,2000-09-28,0,0
20223863,mmacavaddy8v@linkedin.com,Mathias,Cavendish,MacAvaddy,2005-07-11,0,0
20102144,erevell8w@gnu.org,Ertha,Hassin,Revell,2003-12-01,0,0
20105038,erathe8x@alibaba.com,Evvy,Lewson,Rathe,2005-02-20,1,0
20232199,hspencook8y@microsoft.com,Hector,Hansie,Spencook,2003-11-18,1,1
20039340,dfensome8z@drupal.org,Dylan,Hibbart,Fensome,1999-07-30,0,0
20208500,egyurkovics90@ted.com,Ethyl,Binns,Gyurkovics,2005-11-13,0,1
20036005,ahouldin91@domainmarket.com,Aeriell,Lowry,Houldin,2001-11-06,1,1
20055775,jharvie92@spotify.com,Justine,Haryngton,Harvie,2003-06-06,0,1
20004031,tmaccathay93@epa.gov,Temp,Donke,MacCathay,2002-11-22,1,1
20127792,fpeacop94@nasa.gov,Filberte,Robillard,Peacop,1999-01-23,1,0
20074762,tgotter95@si.edu,Tom,Chaudrelle,Gotter,2003-06-04,0,0
20048859,adenisyuk96@surveymonkey.com,Ailyn,Siemons,Denisyuk,2000-01-30,1,0
20074452,craine97@paypal.com,Carmella,Trubshawe,Raine,2000-06-13,0,0
20034343,hnevinson98@amazonaws.com,Honor,Rumble,Nevinson,2006-07-07,1,0
20147333,aambrois99@flavors.me,Alley,Hauxby,Ambrois,2005-04-10,0,0
20029008,frentoll9a@mac.com,Florance,Stavers,Rentoll,1999-02-15,0,0
20052409,apesticcio9b@yelp.com,Aurel,Bennison,Pesticcio,2004-05-01,0,0
20072303,ohaylands9c@wunderground.com,Othilia,Mawne,Haylands,2001-07-12,0,1
20141653,rjanse9d@naver.com,Ronna,Vossgen,Janse,2000-06-01,1,0
20078974,bbrunetti9e@comsenz.com,Borg,Cuttles,Brunetti,2006-06-28,0,0
20093551,jbolden9f@vistaprint.com,Jed,Dengel,Bolden,2001-01-24,0,1
20232658,lricker9g@nps.gov,Lizzy,Rysom,Ricker,2000-03-01,0,1
20140963,pwillmott9h@disqus.com,Pat,Martin,Willmott,2004-11-15,0,0
20147730,amaciak9i@narod.ru,Agatha,Realy,Maciak,1999-06-02,0,0
20053531,edurtnell9j@google.ru,Emlen,Handling,Durtnell,2004-03-30,1,0
20150873,fkorlat9k@newsvine.com,Flossi,Scotson,Korlat,1999-02-14,0,1
20100185,jillingworth9l@rambler.ru,Jillane,Tweedell,Illingworth,2000-08-18,0,1
20050113,kwatkiss9m@shutterfly.com,Keven,Rameau,Watkiss,2005-08-05,1,0
20014858,bblencowe9n@go.com,Brandi,Clewett,Blencowe,2000-09-08,0,0
20109878,kolczak9o@answers.com,Krista,Seater,Olczak,2001-11-15,0,1
20211645,bvandenoord9p@yellowbook.com,Beverlee,Rollins,Van den Oord,1999-03-18,0,0
20206159,lscarratt9q@simplemachines.org,Louisette,Taffee,Scarratt,2002-02-15,1,1
20223934,ksuthworth9r@addtoany.com,Karylin,Bellward,Suthworth,2006-06-18,0,1
20159867,wzappel9s@upenn.edu,Winslow,Lydiard,Zappel,2006-03-13,0,0
20236139,acuredell9t@mozilla.org,Anni,Almack,Curedell,2006-06-03,1,1
20227905,cmcarthur9u@wix.com,Cacilie,Yitshak,McArthur,2000-03-17,1,0
20030622,ggarrett9v@deviantart.com,Georg,Sidwick,Garrett,2005-11-25,0,1
20049638,ggoodin9w@europa.eu,Gayelord,Innman,Goodin,2002-04-13,0,0
20199575,tlawlance9x@people.com.cn,Trula,Anster,Lawlance,1999-06-05,1,0
20055278,cringe9y@nifty.com,Carroll,Godley,Ringe,2006-10-13,0,0
20183448,vhick9z@cafepress.com,Vinson,Jesse,Hick,2003-06-02,0,0
20190205,gpercifulla0@google.co.uk,Gelya,Kimblin,Percifull,2002-12-02,0,1
20222679,mdurrancea1@google.com,Meg,Camillo,Durrance,2004-09-28,0,1
20234546,lmaira2@stanford.edu,Leoline,Orys,Mair,2006-07-05,1,1
20108029,achazelasa3@princeton.edu,Arel,Birds,Chazelas,2003-03-13,0,0
20231582,egiacobilioa4@narod.ru,Ellissa,Pietron,Giacobilio,2004-04-17,1,0
20000258,ldudderidgea5@webnode.com,Lonnie,Weed,Dudderidge,2006-10-29,1,0
20186736,afabria6@furl.net,Arch,Baxter,Fabri,2003-09-13,0,0
20028034,mcattermolea7@utexas.edu,Maurizio,Chelam,Cattermole,2001-06-03,0,0
20188620,tmerrina8@arstechnica.com,Tanya,Robertson,Merrin,2002-11-27,1,1
20172579,hgallachera9@google.cn,Hatti,Drayn,Gallacher,1999-01-28,0,1
20222417,yemilienaa@ftc.gov,Yolanthe,Foxcroft,Emilien,2005-06-01,1,1
20129063,alarciereab@mapy.cz,Aaron,Rushby,Larciere,2000-11-04,0,1
20085417,ccathelac@guardian.co.uk,Carry,Jedraszczyk,Cathel,1999-12-07,1,0
20218224,cfairmanad@mediafire.com,Chrissie,Roelofsen,Fairman,2005-01-22,1,1
20147825,mlangforthae@msn.com,Marjy,Fero,Langforth,2006-07-31,0,0
20215304,igrungueraf@vistaprint.com,Ilka,Casier,Grunguer,2001-12-26,1,0
20039891,ksheersag@europa.eu,Kendre,Colerick,Sheers,2005-05-05,0,1
20234675,esearlah@weibo.com,Ewell,Causon,Searl,2006-01-10,0,1
20228861,fkeighlyai@livejournal.com,Freemon,Peche,Keighly,2006-01-28,0,0
20153843,sbadamaj@ifeng.com,Shayne,Conquest,Badam,2002-09-20,0,1
20191941,abursellak@rakuten.co.jp,Aile,Elster,Bursell,1999-09-21,0,0
20124154,gpretswellal@pagesperso-orange.fr,Giffard,Parkyn,Pretswell,2003-05-28,1,0
20108984,ccapehornam@dagondesign.com,Conni,Djurdjevic,Capehorn,1999-08-09,0,1
20152692,tklosseran@alexa.com,Tiffany,Chambers,Klosser,2005-08-30,0,0
20114424,rdovermannao@a8.net,Renate,Brinicombe,Dovermann,2006-06-09,0,0
20192099,dgeorgiusap@wikimedia.org,Daniella,Spiers,Georgius,2005-05-17,0,0
20174032,kpenquetaq@fc2.com,Kaela,O'Looney,Penquet,2003-12-07,1,1
20201407,mpopleyar@jimdo.com,Micheil,Caldroni,Popley,2003-09-04,1,1
20109342,nbagwellas@hibu.com,Noella,Tattersall,Bagwell,2003-01-22,0,1
20019459,dlawreyat@msu.edu,Diane-marie,Demonge,Lawrey,2002-05-26,1,0
20034645,atavernorau@msu.edu,Antonie,Struan,Tavernor,2005-09-14,0,0
20022083,tlightfootav@omniture.com,Trude,Rendbaek,Lightfoot,2001-03-21,0,1
20204400,shumbleaw@google.co.jp,Shanna,Cattermoul,Humble,2006-09-05,1,0
20074087,cbrittax@yahoo.co.jp,Chariot,Elcoat,Britt,2002-04-25,0,1
20082487,mmumbeyay@pcworld.com,Maia,Llopis,Mumbey,2004-10-09,1,0
20034240,acysteraz@ca.gov,Armstrong,Melia,Cyster,2002-01-01,0,0
20126224,sexeterb0@psu.edu,Shaine,Paris,Exeter,2000-09-16,0,1
20192390,etatloweb1@ebay.com,Elisha,Cuseick,Tatlowe,2006-07-15,1,1
20058915,fcattonnetb2@ning.com,Farly,McClaughlin,Cattonnet,2004-07-28,0,0
20180521,lkaliszb3@adobe.com,Lance,Ruprich,Kalisz,2003-01-28,0,1
20086862,eprendergastb4@edublogs.org,Eli,Vuittet,Prendergast,2000-09-11,0,1
20148245,cmcmasterb5@usnews.com,Cecil,Gallamore,McMaster,2000-04-14,0,0
20230014,hkarpovb6@state.tx.us,Harper,Rosenstein,Karpov,2003-10-07,0,1
20087088,nbleimanb7@dedecms.com,Nance,Whoolehan,Bleiman,2000-07-10,1,0
20109990,cduffieldb8@ox.ac.uk,Chic,Santino,Duffield,2002-11-05,1,0
20087271,aculrossb9@chronoengine.com,Augusto,Kilfether,Culross,2003-02-14,0,0
20078973,dsilkstonba@comcast.net,Dore,Alebrooke,Silkston,2000-01-27,0,0
20000376,emauntonbb@blogspot.com,Emilia,Singyard,Maunton,2002-06-03,0,0
20182479,lliversedgebc@ucsd.edu,Lari,Coils,Liversedge,2006-06-09,0,0
20176100,gmccloidbd@archive.org,Gusti,Rosoni,McCloid,2000-12-31,0,1
20165441,jgirardibe@imageshack.us,Jackie,Jamieson,Girardi,2003-04-02,1,1
20075192,tgavrielbf@npr.org,Tudor,Varnals,Gavriel,1999-01-24,0,0
20038114,kmingottibg@google.es,Kristan,Downing,Mingotti,2002-09-27,0,1
20074983,lrollingsonbh@imdb.com,Laural,Acey,Rollingson,2003-12-11,1,0
20067682,sdurnobi@google.nl,Samuel,Abrashkin,Durno,2004-05-27,0,1
20141571,tpetrakbj@so-net.ne.jp,Tani,Knudsen,Petrak,2003-01-28,1,0
20169228,cfitzgeorgebk@hugedomains.com,Cordi,Ansley,FitzGeorge,2003-10-04,0,1
20177311,rropebl@reddit.com,Ricard,Bartaloni,Rope,2001-01-23,0,1
20006772,faustonbm@archive.org,Findlay,Brimson,Auston,2004-04-01,0,1
20137908,mkellowaybn@diigo.com,Merv,Tupling,Kelloway,2002-07-17,0,1
20054736,kmcilwrathbo@linkedin.com,Keene,Durden,McIlwrath,2001-03-27,0,0
20141346,jclimobp@rediff.com,Jorge,Gullifant,Climo,1999-07-13,1,0
20041359,fdixceybq@google.pl,Fidelity,Murname,Dixcey,1999-02-26,1,0
20199913,dbertolaccinibr@nytimes.com,Deeyn,Gallyon,Bertolaccini,2002-02-25,0,0
20059117,mcharterbs@hp.com,Maggee,McCart,Charter,1999-11-05,0,0
20089990,acouperbt@google.com.au,Alleen,Elles,Couper,2005-12-22,0,1
20130026,mthyerbu@unc.edu,Major,Punch,Thyer,2003-10-10,1,0
20212008,pmarrettbv@sina.com.cn,Peggy,Weatherall,Marrett,2000-11-16,1,0
20229018,ascanesbw@histats.com,Alleen,Tumielli,Scanes,2005-08-13,1,1
20031972,omansfordbx@instagram.com,Othella,Kybbye,Mansford,1999-09-09,1,1
20061551,tbandieraby@cpanel.net,Theodor,Fudge,Bandiera,2003-02-04,0,0
20093842,tesslemontbz@google.pl,Tyson,Wilby,Esslemont,2001-11-17,1,1
20236010,wleslyc0@tinyurl.com,Wit,Stace,Lesly,2000-10-26,0,1
20093851,aredholec1@time.com,Arlen,Quare,Redhole,2000-08-15,1,1
20079197,cgockelerc2@adobe.com,Creight,Standbridge,Gockeler,1999-12-12,1,1
20125891,ashoulderc3@fastcompany.com,Abraham,Taunton.,Shoulder,2005-10-06,0,1
20239256,blivettc4@arstechnica.com,Brena,McCarney,Livett,2003-04-30,1,1
20238744,emackeggc5@blogspot.com,Ernestine,Gaul,MacKegg,2001-12-10,1,0
20037667,scouldwellc6@instagram.com,Shirl,Morson,Couldwell,2001-06-20,1,1
20221230,iasburyc7@rambler.ru,Imelda,Ludwell,Asbury,2005-12-20,0,0
20128063,nkendredc8@woothemes.com,Nickie,McCaughey,Kendred,2006-07-21,0,0
20012696,lbrydellc9@geocities.com,Lavena,Fern,Brydell,2000-10-29,1,0
20110286,mfairmanca@ebay.co.uk,Matteo,Lakenden,Fairman,1999-11-06,1,1
20225291,jlodevickcb@booking.com,Jeremie,Ashness,Lodevick,2003-02-07,0,0
20142558,drudhamcc@ft.com,Dani,Murphy,Rudham,2006-09-10,0,0
20187884,fhazellcd@cpanel.net,Freddie,Holburn,Hazell,2006-06-29,0,0
20140363,cyakunkince@sphinn.com,Chalmers,Pettet,Yakunkin,2001-02-03,0,1
20209997,mtremaylecf@163.com,Morgan,Calafato,Tremayle,2002-07-09,1,0
20158994,kmoncktoncg@goodreads.com,Kissie,Ruffles,Monckton,2005-05-13,0,1
20006267,zlarsch@digg.com,Zara,Schriren,Lars,2004-07-25,1,0
20084958,sharborci@wikimedia.org,Suzy,Andor,Harbor,1999-05-03,0,1
20064631,sfadercj@scribd.com,Seamus,Waywell,Fader,2001-08-09,1,1
20173278,mnornasellck@prlog.org,Mada,Orht,Nornasell,2000-02-04,1,0
20051171,ldibatistacl@mayoclinic.com,Lon,Ralfe,Di Batista,2002-01-13,1,0
20099391,nswiffincm@over-blog.com,Nevsa,Ayers,Swiffin,2002-08-10,1,1
20184670,gbackshawcn@moonfruit.com,Guillema,Duggen,Backshaw,1999-01-23,1,0
20114326,ilewknorco@alibaba.com,Izaak,Morison,Lewknor,2001-06-11,1,0
20056054,pclaissecp@canalblog.com,Parnell,Turford,Claisse,2001-04-23,1,1
20091487,tedinburghcq@guardian.co.uk,Toma,Denmead,Edinburgh,2004-12-31,1,1
20046035,zbredescr@surveymonkey.com,Zaria,Breewood,Bredes,1999-01-14,0,0
20054790,jsleggcs@admin.ch,Jazmin,Udale,Slegg,2000-10-11,1,0
20000187,ssaiensct@studiopress.com,Stanwood,Vigours,Saiens,2001-02-14,1,1
20085249,mthorncu@nih.gov,Maurits,Masterton,Thorn,2005-10-17,1,0
20182341,gjeanequincv@reference.com,Genovera,Gilpin,Jeanequin,2004-06-26,1,0
20092640,jclaxsoncw@unesco.org,Jarrid,McKinlay,Claxson,2002-07-28,1,1
20203190,abyllamcx@berkeley.edu,Amata,Tattersall,Byllam,2000-11-14,1,0
20103361,lgraveneycy@miitbeian.gov.cn,Lauralee,Pedlar,Graveney,2005-07-03,0,0
20041780,cmacaskiecz@weather.com,Ceciley,Sach,MacAskie,2002-11-18,0,0
20050567,cconradsend0@cloudflare.com,Casar,Luton,Conradsen,2004-03-16,1,1
20078678,tkiledald1@taobao.com,Timofei,Winfield,Kiledal,2002-03-19,1,0
20047111,ncaurahd2@csmonitor.com,Nat,Mallebone,Caurah,2005-10-13,1,0
20225746,flaurenzd3@examiner.com,Fenelia,Leith,Laurenz,2001-01-01,0,1
20060857,jheyballd4@newsvine.com,Johna,Jean,Heyball,2004-08-24,1,0
20134928,jwebbend5@usa.gov,Jessalyn,Craghead,Webben,1999-08-25,0,1
20172469,msoutherilld6@dmoz.org,Mayer,Skyrme,Southerill,1999-09-23,1,0
20031107,ecollinetted7@amazon.co.uk,Elsy,Calley,Collinette,1999-07-14,1,0
20054159,fcoalburnd8@stumbleupon.com,Fernanda,Perri,Coalburn,2001-07-22,1,0
20183408,larmigerd9@slideshare.net,Lincoln,Heelis,Armiger,1999-12-02,1,1
20177750,mburgherda@parallels.com,Madeline,MacMarcuis,Burgher,2000-08-02,0,1
20023217,egoatcherdb@marketwatch.com,Elsa,Vernau,Goatcher,2002-07-03,0,0
20126685,lcalkindc@examiner.com,Lucias,Prazer,Calkin,1999-03-26,1,1
20134504,agoodbanddd@howstuffworks.com,Adeline,ducarme,Goodband,2000-07-24,1,1
20159642,gmatusovskyde@deviantart.com,Greta,Melwall,Matusovsky,2006-09-16,0,1
20148958,cwelchdf@jimdo.com,Clovis,Sherrington,Welch,2001-06-23,1,1
20034893,hgotmanndg@indiatimes.com,Haroun,Pester,Gotmann,2005-06-30,1,1
20211340,cgalbraethdh@reverbnation.com,Conny,Grice,Galbraeth,2003-09-06,1,0
20045267,ndukedi@un.org,Novelia,Bysshe,Duke,2003-09-27,1,1
20188782,oonearydj@mapy.cz,Onofredo,Powdrill,O'Neary,2004-05-28,0,0
20217125,bhuxhamdk@gmpg.org,Briny,Lock,Huxham,2002-05-16,0,0
20238230,cclemowdl@cargocollective.com,Christiano,O'Tierney,Clemow,1999-02-12,0,0
20233044,jmostindm@narod.ru,Jerry,Ainslie,Mostin,2006-07-18,1,0
20032497,rbelfitdn@go.com,Raynard,Braz,Belfit,2006-12-23,0,1
20155437,mgillbanksdo@weebly.com,Monro,Blackwell,Gillbanks,1999-05-15,1,1
20051562,tdraycottdp@senate.gov,Thaxter,Hildrew,Draycott,2000-08-01,0,0
20099582,rbaldwindq@is.gd,Rebe,Bauckham,Baldwin,2004-12-13,1,0
20073114,bstokesdr@dailymail.co.uk,Burl,McHale,Stokes,2003-07-01,0,0
20099431,mmcgavinds@narod.ru,Matelda,de Guerre,McGavin,2002-09-16,1,0
20227732,cgascoinedt@wix.com,Cooper,Cuvley,Gascoine,2006-09-13,1,1
20063267,kosgerbydu@uol.com.br,Kirbie,Jodkowski,Osgerby,2006-02-10,1,0
20043790,rcaulkettdv@godaddy.com,Renaldo,Polhill,Caulkett,1999-06-04,1,0
20025978,wserjentdw@hexun.com,Winfield,cornhill,Serjent,2006-02-13,1,1
20104601,esponderdx@nytimes.com,Estella,Ibotson,Sponder,2004-04-02,1,0
20122876,ckindreddy@sphinn.com,Claudine,Menary,Kindred,2000-11-19,0,1
20023160,mcarneydz@foxnews.com,Merilyn,Allison,Carney,2006-02-26,1,0
20135217,bhucksteppe0@chronoengine.com,Brear,Hackworth,Huckstepp,2002-07-14,1,1
20059390,gboutelliere1@youku.com,Grethel,Ipsgrave,Boutellier,2000-10-10,0,0
20174116,ccoonihane2@smugmug.com,Constanta,Gadie,Coonihan,2001-02-07,0,0
20139839,dvalslere3@wordpress.com,Dietrich,Colter,Valsler,2005-08-27,0,0
20154599,pclemmowe4@jigsy.com,Peggi,Mackney,Clemmow,2004-09-28,0,1
20176609,mcordere5@bluehost.com,Marje,Grushin,Corder,2003-12-09,0,0
20028202,dwalklatee6@nps.gov,Devin,Grieve,Walklate,2006-09-13,0,0
20085257,cburneye7@yellowbook.com,Corrie,Gulliman,Burney,2001-02-16,0,0
20123654,earrigoe8@dell.com,Ebonee,Rockhill,Arrigo,2003-01-21,1,0
20237851,sberforde9@theguardian.com,Shane,Hayesman,Berford,2005-09-22,0,0
20239548,jlundyea@shop-pro.jp,Jacobo,Shedd,Lundy,2004-04-16,1,1
20041451,tpennieb@technorati.com,Tove,Grutchfield,Penni,2001-09-15,1,0
20184593,hmomeryec@liveinternet.ru,Hoebart,Hornbuckle,Momery,2002-03-14,0,0
20227917,speascoded@miitbeian.gov.cn,Shirlene,Bramich,Peascod,2000-08-29,0,1
20187721,efrancilloee@ucoz.ru,Elayne,Szepe,Francillo,2005-02-22,1,1
20182975,spoultneyef@mozilla.org,Sonni,Shann,Poultney,2004-12-10,1,0
20135622,galessandrettieg@cornell.edu,Gaylor,Meachen,Alessandretti,2003-08-07,1,0
20088828,fmaciaszczykeh@uiuc.edu,Fanni,Bohea,Maciaszczyk,1999-07-01,1,0
20004936,amorfellei@google.co.jp,Anallese,Mongenot,Morfell,2000-02-03,1,0
20029209,pwoodhamsej@sbwire.com,Phillie,Beggi,Woodhams,2004-09-30,0,1
20015654,kattenbroughek@psu.edu,Katherine,Caudrelier,Attenbrough,1999-06-01,1,1
20151872,amcpikeel@dailymotion.com,Andrus,Cobain,McPike,2006-11-23,0,1
20223396,vbendem@free.fr,Vladimir,Wrench,Bend,2001-04-02,1,1
20008486,adallossoen@mit.edu,Algernon,Tonna,Dallosso,2003-06-10,1,0
20079754,vtownsleyeo@cnn.com,Vickie,Tolerton,Townsley,2001-12-20,1,0
20100609,dkelsellep@sohu.com,Drusie,Heathcott,Kelsell,2000-11-07,0,1
20155337,hbalinteq@live.com,Herold,Fishby,Balint,2005-12-13,1,0
20048520,idandyer@tinypic.com,Isidore,Stones,Dandy,1999-06-20,0,1
20020567,jdowreyes@aboutads.info,Jacquette,Shergold,Dowrey,2006-07-06,1,0
20135242,lnutbeamet@wix.com,Linette,Polon,Nutbeam,1999-11-04,1,0
20230564,jbucknereu@pagesperso-orange.fr,Jenda,Wellan,Buckner,2003-01-01,0,0
20165459,tgolledgeev@springer.com,Trixy,Agneau,Golledge,2001-10-14,0,1
20041959,epedwellew@gnu.org,Elke,Hawkwood,Pedwell,1999-01-02,1,0
20179310,lclampex@walmart.com,Leland,Squibbs,Clamp,2002-10-27,0,0
20179315,nlawtyey@angelfire.com,Nicolis,Brinklow,Lawty,2006-12-19,0,0
20051180,mboldockez@ucla.edu,Matt,Ivanilov,Boldock,2002-10-16,1,0
20151784,ameadowcroftf0@theglobeandmail.com,Amye,Harewood,Meadowcroft,2002-08-28,1,1
20216456,alesieurf1@ed.gov,Annora,Hannabus,Le Sieur,2004-10-16,0,0
20034315,tucf2@google.nl,Tisha,Perott,Uc,2006-08-24,0,1
20093305,mdelahuntf3@drupal.org,Mauricio,Jouannisson,Delahunt,2003-04-06,1,0
20067514,epuvef4@youtu.be,Ezmeralda,Gillard,Puve,2004-07-28,0,1
20145704,cderochef5@chron.com,Corey,Toseland,Deroche,1999-03-23,0,1
20116649,scheesworthf6@omniture.com,Stanton,Keigher,Cheesworth,1999-02-22,0,1
20106430,rlebangf7@google.com.hk,Rena,Ingerith,Lebang,2002-08-03,0,0
20066939,mhunnaballf8@symantec.com,Margit,Gandley,Hunnaball,2001-05-07,0,1
20167234,cbloschkef9@123-reg.co.uk,Christos,Yakutin,Bloschke,2002-06-27,1,0
20057960,gkilfederfa@dmoz.org,Goddard,Keenor,Kilfeder,2005-08-20,1,1
20205360,bvanzonfb@psu.edu,Bobbie,Crosier,Van Zon,2000-07-04,0,1
20144780,varchfc@last.fm,Vincents,Creese,Arch,1999-07-19,0,1
20146728,tkelsellfd@deliciousdays.com,Terri,Cottingham,Kelsell,2004-07-04,0,1
20119365,gbagshawfe@hugedomains.com,Georgeta,Hargroves,Bagshaw,2005-02-03,1,1
20146000,ldenormanvilleff@nasa.gov,Lynnea,Banham,De Normanville,2001-12-01,1,0
20042579,rcaviefg@amazon.co.uk,Raquel,Yellowley,Cavie,2005-11-20,0,1
20130066,kflacknellfh@bizjournals.com,Kaitlynn,Giottoi,Flacknell,2003-05-14,1,1
20139607,orosenthalfi@cpanel.net,Odette,Vanin,Rosenthal,2003-01-02,0,1
20049856,eassiterfj@wordpress.com,Elinore,Kilgrew,Assiter,2004-04-10,1,0
20165702,wcancellerfk@tripod.com,Wayland,Farman,Canceller,2002-03-26,1,0
20218695,glowrefl@weebly.com,Gregg,Andric,Lowre,2002-04-15,0,0
20224400,claflinfm@virginia.edu,Craig,Bittlestone,Laflin,2005-07-30,1,1
20200235,kyourellfn@squidoo.com,Kris,Wanell,Yourell,1999-08-08,0,1
20010604,pcuphusfo@cdbaby.com,Pearline,Kenny,Cuphus,2005-03-31,0,0
20090425,plaredfp@slate.com,Packston,Fawcett,Lared,2006-07-30,1,1
20023139,sfoulshamfq@indiatimes.com,Simone,Allcroft,Foulsham,2002-06-23,0,0
20227421,ngoodierfr@webeden.co.uk,Natalie,Brickdale,Goodier,2003-04-23,0,0
20065035,cillesfs@go.com,Cookie,Sinncock,Illes,2001-01-20,1,0
20082552,bmcgroartyft@cnn.com,Bess,Broske,McGroarty,2006-07-06,1,1
20055358,twolfitfu@tmall.com,Tony,Dorgan,Wolfit,2004-11-05,1,1
20015293,stemlfv@cpanel.net,Smitty,Bowsher,Teml,2003-02-23,0,0
20105435,cradbonefw@apache.org,Carlin,Prest,Radbone,2000-09-28,0,0
20157915,geaglefx@nsw.gov.au,Granny,Isacoff,Eagle,2004-01-10,0,0
20007910,bthaxterfy@cbsnews.com,Bernelle,Zarfati,Thaxter,2005-10-05,1,1
20144447,klapsleyfz@goodreads.com,Kittie,Buye,Lapsley,2002-01-08,1,0
20156791,efalveyg0@merriam-webster.com,Evy,Kiledal,Falvey,2004-02-21,0,1
20192856,hdewickeg1@jugem.jp,Hillyer,Howley,Dewicke,2003-04-28,1,0
20198581,rpendredg2@networksolutions.com,Reinaldo,Smurthwaite,Pendred,2005-05-24,0,0
20019653,rdwelleyg3@mapquest.com,Red,De la croix,Dwelley,2000-08-13,1,1
20051781,mmachargg4@accuweather.com,Morton,Dermott,MacHarg,2003-05-06,0,1
20125545,rlasseyg5@yale.edu,Rona,Curbishley,Lassey,2006-06-27,0,1
20107590,mavesqueg6@csmonitor.com,Maria,Adshad,Avesque,2006-07-13,1,0
20154912,gstuckeyg7@godaddy.com,Grannie,Shrive,Stuckey,2001-12-29,0,0
20036704,msharvillg8@google.com.hk,Minette,Niblo,Sharvill,2001-03-03,1,0
20138213,apallisterg9@wordpress.org,Amabelle,Bridgewater,Pallister,2004-05-09,1,1
20138314,ehapperga@amazon.co.jp,Elise,Warlton,Happer,2004-08-06,0,1
20100531,cpiercegb@aol.com,Caryl,Skedgell,Pierce,2005-10-30,1,0
20017273,llavergc@sbwire.com,Lidia,Leathers,Laver,1999-08-16,0,0
20075492,kcripingd@google.de,Kirsteni,Adamowicz,Cripin,2000-12-11,0,1
20195096,eburleighge@amazonaws.com,Eberto,Harrowsmith,Burleigh,2001-06-22,1,1
20168125,aparncuttgf@nature.com,Adrea,MacGillreich,Parncutt,2003-11-07,1,0
20116291,hcrakegg@phpbb.com,Holt,MacCook,Crake,2004-12-02,0,0
20207745,jmanselgh@nytimes.com,Juanita,Summerfield,Mansel,2001-02-17,1,0
20222628,rdilworthgi@mashable.com,Robbert,Dacey,Dilworth,2001-03-11,1,1
20091609,ablazebygj@ocn.ne.jp,Adena,Podd,Blazeby,1999-01-19,0,0
20154189,bgligorigk@jigsy.com,Brander,Woolner,Gligori,2005-10-29,0,1
20203640,skondratenyagl@shutterfly.com,Sherwin,Presslie,Kondratenya,2005-03-01,0,0
20175980,zblandengm@alexa.com,Zedekiah,Blevin,Blanden,1999-06-30,1,0
20163292,alangfordgn@wix.com,Adelice,Clausewitz,Langford,2005-03-18,0,1
20083556,acaddickgo@tmall.com,Alexina,Zavattero,Caddick,2004-03-09,1,0
20134535,mpyottgp@webs.com,Moyna,Shercliff,Pyott,2001-04-22,1,1
20082103,dmolesgq@tmall.com,Douglass,Dusting,Moles,2000-06-03,0,0
20179311,gproswellgr@example.com,Grenville,De Roberto,Proswell,2001-03-01,0,1
20229240,rblackeygs@barnesandnoble.com,Rhys,Margarson,Blackey,2000-07-30,1,1
20030476,fdochartygt@buzzfeed.com,Felizio,Silson,Docharty,2001-04-08,0,1
20136753,ycolbertgu@w3.org,Yorgo,Frill,Colbert,1999-04-19,0,0
20157907,jbraithwaitgv@infoseek.co.jp,Jameson,Astlet,Braithwait,2004-12-29,0,1
20157286,kmuttittgw@feedburner.com,Kerwin,Dobey,Muttitt,2002-06-17,1,0
20057741,lbinnegx@sphinn.com,Lynde,Bryning,Binne,2006-07-14,0,0
20155045,wantonignettigy@timesonline.co.uk,Winifield,Ciccoloi,Antonignetti,2000-10-10,1,1
20124269,qbanaszkiewiczgz@last.fm,Quill,Assiratti,Banaszkiewicz,2003-08-24,1,0
20129973,hfaggeh0@bizjournals.com,Huntley,Revely,Fagge,2003-11-08,0,0
20231835,hquinceh1@wikia.com,Harland,Rankcom,Quince,2003-12-03,0,0
20171308,ckittoh2@youtube.com,Camella,Prose,Kitto,2002-10-13,0,0
20169184,csneadh3@cbsnews.com,Colene,Fortescue,Snead,2005-05-06,0,1
20076304,dsevierh4@yahoo.com,Deanne,Dorey,Sevier,2005-09-05,0,1
20190762,lperish5@163.com,Lefty,Gilyatt,Peris,2000-03-04,0,1
20179183,plamswoodh6@macromedia.com,Perice,Marielle,Lamswood,2004-11-27,1,1
20141998,gbamlingh7@state.gov,Georas,Ludye,Bamling,2003-08-31,0,0
20200886,mfishleighh8@discuz.net,Meyer,Pfeffel,Fishleigh,2003-12-12,0,1
20025313,gasifh9@mozilla.org,Guglielmo,Brough,Asif,2006-05-02,1,0
20179118,twybronha@redcross.org,Theodore,McMurtyr,Wybron,2005-08-03,1,0
20073333,mrufflihb@de.vu,Malissa,Andresser,Ruffli,2002-04-17,1,1
20174105,kbigganshc@quantcast.com,Kenn,Filipputti,Biggans,2002-09-17,0,0
20068445,odeyenhardthd@wordpress.com,Opalina,Agus,Deyenhardt,2003-10-31,0,0
20129061,nfuttyhe@paypal.com,Nicol,Bankhurst,Futty,2002-03-24,0,0
20026716,mbubbearhf@sourceforge.net,Minnie,Flageul,Bubbear,2005-12-22,0,1
20055834,mwhetlandhg@4shared.com,Maxie,Riggert,Whetland,2003-12-14,1,0
20079078,aseddonhh@oakley.com,Alexi,Tellenbroker,Seddon,2000-07-14,1,1
20083966,zglasmanhi@dion.ne.jp,Zacharie,McOrkill,Glasman,2006-08-30,0,1
20020073,arenachowskihj@wikipedia.org,Arabel,McKane,Renachowski,2005-08-23,1,1
20156602,ttummonshk@geocities.com,Tomaso,Hailston,Tummons,2005-03-20,0,0
20071586,smartinovichl@youtu.be,Sharl,Tuckerman,Martinovic,2002-09-25,0,0
20084669,nstauntonhm@fema.gov,Nanine,Willshear,Staunton,1999-08-05,0,0
20077767,rdranfieldhn@liveinternet.ru,Rosene,Pascall,Dranfield,2002-04-23,0,0
20045597,ahabershonho@unc.edu,Arnie,Richten,Habershon,2000-01-05,1,0
20217425,acockshtthp@vk.com,Adelle,Peacey,Cockshtt,2001-06-29,1,1
20068100,pwhitsunhq@zdnet.com,Percival,Govini,Whitsun,2005-11-19,1,0
20086293,sgreatbachhr@bbc.co.uk,Skell,Devereu,Greatbach,2002-07-14,0,0
20187440,epinckhs@bizjournals.com,Eben,Satterly,Pinck,2002-10-19,1,0
20181744,mmainsonht@acquirethisname.com,Marina,Bau,Mainson,2004-12-28,1,0
20194585,rbagworthhu@edublogs.org,Rossy,MacQuist,Bagworth,2004-03-26,0,0
20077139,nmcbaynehv@infoseek.co.jp,Nobe,Delacroux,McBayne,2005-06-19,0,0
20000331,mbooelnhw@hao123.com,Muhammad,Crookshank,Booeln,2005-10-06,0,0
20204532,apulmanhx@ucoz.com,Aloisia,Skillman,Pulman,2004-03-19,0,0
20125716,osirmanhy@home.pl,Olympie,Easseby,Sirman,2001-05-27,0,1
20089672,lmathiothz@last.fm,Leicester,Gaine of England,Mathiot,2003-12-12,1,0
20225334,olemoiri0@virginia.edu,Oliviero,Evennett,Lemoir,2002-08-01,0,0
20148994,adalwisi1@w3.org,Annalee,Delacour,D'Alwis,2002-10-11,1,1
20056627,xbrissendeni2@businessweek.com,Ximenez,Weymouth,Brissenden,2004-11-06,1,1
20146591,thutcheonsi3@t.co,Tracy,Cosstick,Hutcheons,2002-01-15,1,1
20121942,hellyatti4@dion.ne.jp,Hamnet,Varnes,Ellyatt,2001-02-14,1,0
20091870,asmeuini5@harvard.edu,Aube,Huckerbe,Smeuin,2004-01-01,1,0
20091507,chopkynsoni6@webs.com,Chester,Wroughton,Hopkynson,2005-12-01,0,0
20136085,vclaxtoni7@google.ru,Vinny,Gusney,Claxton,2004-10-15,0,1
20111086,ckliemanni8@weather.com,Colman,Hebblewaite,Kliemann,2003-08-29,1,0
20128334,wpeschkai9@surveymonkey.com,Wynny,Seywood,Peschka,2002-10-16,0,1
20101358,jbottlestoneia@wp.com,Joshia,Ferro,Bottlestone,2000-07-17,1,0
20145884,pdraynib@ucoz.ru,Patricia,Craisford,Drayn,2001-10-26,1,1
20078187,gedleric@mit.edu,Gabriel,Booy,Edler,2006-11-30,0,1
20103062,mpacittiid@ow.ly,Mordecai,Vlasenko,Pacitti,2000-06-13,1,0
20146605,smacnessie@about.com,Sergio,Bethell,MacNess,2002-05-28,1,1
20226226,ddurnellif@wordpress.com,Deeann,Height,Durnell,2004-11-22,1,1
20002257,wkonertzig@dmoz.org,Wadsworth,Rosser,Konertz,2006-07-15,0,1
20184733,ksprakeih@skype.com,Kettie,Gilling,Sprake,2002-12-01,1,1
20117381,felcombeii@dropbox.com,Felice,Schimonek,Elcombe,2003-04-30,0,1
20032402,ithistletonij@irs.gov,Igor,Coopland,Thistleton,2005-11-08,0,0
20000808,mpearcehouseik@europa.eu,Marybeth,Fowgies,Pearcehouse,2005-10-24,0,1
20222043,lwillerstoneil@seesaa.net,Lexis,Stennes,Willerstone,2000-04-12,1,1
20099610,nwardleyim@csmonitor.com,Nickey,McSherry,Wardley,2003-09-13,0,1
20109550,mlacrouxin@statcounter.com,Marget,Tabbitt,Lacroux,2005-08-23,0,0
20094974,rgalbraethio@simplemachines.org,Rory,Caw,Galbraeth,2005-04-24,1,1
20035530,mstaningip@reverbnation.com,Mac,Sebrook,Staning,2004-09-02,0,0
20043376,ncarhartiq@clickbank.net,Ninnetta,Filewood,Carhart,2006-07-21,1,0
20099276,imavingir@soup.io,Isa,Lorkins,Maving,2003-11-13,0,1
20090091,dsheepyis@bloomberg.com,Daven,Asken,Sheepy,1999-11-07,1,1
20201139,cbastieit@chron.com,Carlie,Colquitt,Bastie,1999-09-17,1,0
20146102,cwoodvineiu@jugem.jp,Chanda,Rounsefull,Woodvine,2004-03-08,0,1
20111732,ohenworthiv@disqus.com,Odilia,Bengal,Henworth,1999-05-11,0,1
20152747,eproseiw@arizona.edu,Ellynn,Schwandermann,Prose,2006-08-28,1,1
20119444,ckuhnkeix@instagram.com,Corty,Piggen,Kuhnke,2002-08-25,0,1
20225444,lborrottiy@mysql.com,Louis,Wapplington,Borrott,2006-08-21,1,0
20107146,isteptowiz@dmoz.org,Iolande,Cortnay,Steptow,2002-02-18,0,1
20052851,pgubbinsj0@shinystat.com,Peggi,Braybrooks,Gubbins,2003-05-28,1,1
20056245,iportj1@hostgator.com,Ilysa,Orbell,Port,2000-06-03,1,1
20074457,abaffinj2@prlog.org,Alessandro,Flather,Baffin,2005-05-06,0,0
20159209,eshepherdsonj3@house.gov,Edwina,Di Claudio,Shepherdson,2003-05-02,0,0
20034413,hgulleyj4@123-reg.co.uk,Harwell,Grenter,Gulley,2001-04-30,1,0
20023156,ngrisdalej5@last.fm,Nanny,Tayspell,Grisdale,2006-08-16,0,0
20125273,pthickinsj6@reuters.com,Petronella,Blues,Thickins,2000-10-03,1,0
20111264,rgrzesiewiczj7@printfriendly.com,Regan,Melville,Grzesiewicz,2001-07-11,1,0
20220871,rscutcheonj8@cornell.edu,Rafe,Stott,Scutcheon,2000-12-02,0,0
20009202,hbicknellj9@edublogs.org,Hester,Dubery,Bicknell,2005-08-25,0,1
20200319,carnullja@tuttocitta.it,Conan,Tippell,Arnull,2001-07-15,1,0
20020802,lmccrostiejb@dell.com,Lazar,Goodlife,McCrostie,2004-03-27,1,1
20131590,nerskinejc@dedecms.com,Nerita,Mullaly,Erskine,2000-02-21,1,1
20140809,qsearbyjd@trellian.com,Quintus,Shwalbe,Searby,2005-03-12,0,1
20042537,lgunninghamje@google.com.hk,Lonna,Vankeev,Gunningham,2000-08-12,1,1
20112263,nskarinjf@fda.gov,Nelli,Brogan,Skarin,2004-04-01,1,0
20011049,eollertonjg@slate.com,Eileen,Kerbey,Ollerton,2004-09-10,0,0
20086967,apetrujh@vkontakte.ru,Ardine,Spottswood,Petru,2003-08-21,0,0
20125713,gcorbridgeji@foxnews.com,Germana,Stares,Corbridge,2002-03-19,1,0
20224297,msamwayejj@fotki.com,Michelina,Udden,Samwaye,2004-04-06,1,0
20117253,mcargilljk@alibaba.com,Madel,Sims,Cargill,2003-09-11,0,1
20182133,jzarfatjl@gizmodo.com,Junette,MacTavish,Zarfat,2001-08-07,1,1
20219644,cricheljm@statcounter.com,Carlynn,Woolfitt,Richel,2001-06-30,0,1
20109052,mlippjn@netvibes.com,Matias,Mc Cahey,Lipp,2005-12-22,0,0
20188316,bhanrattyjo@pinterest.com,Bernette,Picknett,Hanratty,1999-10-09,1,1
20127898,lbraggerjp@newsvine.com,Lucretia,Osichev,Bragger,2001-08-28,1,1
20019038,dalleynejq@blinklist.com,Davide,Booker,Alleyne,2003-03-25,1,0
20069786,mfukejr@guardian.co.uk,Morganica,Kitlee,Fuke,2000-01-02,1,1
20122923,ajahnerjs@census.gov,Alec,Embra,Jahner,1999-07-21,0,1
20087161,rcottemjt@kickstarter.com,Raphael,Bernini,Cottem,2000-09-06,1,0
20150815,hsladerju@va.gov,Harlen,Mushet,Slader,2004-12-24,1,0
20141215,ctolmiejv@hc360.com,Concettina,Tiner,Tolmie,2001-03-26,0,1
20238228,tmartinsonjw@facebook.com,Theadora,Sherborne,Martinson,2000-11-12,0,0
20066692,dyokelmanjx@salon.com,Dottie,Camel,Yokelman,2003-07-08,1,1
20051755,tallisonjy@dyndns.org,Tiphani,O' Meara,Allison,2005-08-08,1,1
20163545,anearsjz@gravatar.com,Alford,Ordemann,Nears,2005-02-15,1,0
20145077,itidmank0@mlb.com,Inge,Ratnage,Tidman,2000-04-15,0,0
20078217,amatthissonk1@amazonaws.com,Adamo,Figgs,Matthisson,2005-02-08,1,1
20196867,mronchettik2@hugedomains.com,Marysa,Krzyzaniak,Ronchetti,2003-02-27,0,0
20150820,xaggliok3@friendfeed.com,Ximenez,Bury,Agglio,2003-05-23,0,1
20082393,lgladstonek4@nbcnews.com,Linea,Lamb-shine,Gladstone,2004-09-07,0,1
20188814,nmuzzlewhitek5@ovh.net,Nicol,Lavery,Muzzlewhite,2004-11-27,0,0
20144617,mkarlemank6@soundcloud.com,Maryjo,Bowering,Karleman,2000-05-30,1,1
20194834,kwaylandk7@amazon.co.jp,Keslie,Gowry,Wayland,1999-08-14,1,1
20082486,lsimionatok8@blogspot.com,Lindsey,Assiratti,Simionato,2002-03-03,0,0
20210859,bhaughink9@t.co,Beale,Ferroli,Haughin,2004-10-06,1,0
20125366,sbarzenka@tripod.com,Shayne,Stubbings,Barzen,2004-10-13,1,0
20028182,wedlynekb@paypal.com,Wilden,Christer,Edlyne,2003-08-22,1,1
20016907,arummingkc@trellian.com,Aguie,Hardiker,Rumming,2002-12-20,1,0
20157969,kstariekd@china.com.cn,Kelila,McDugal,Starie,2003-05-02,1,1
20117262,dmooneyke@wiley.com,Domeniga,Whitechurch,Mooney,1999-08-23,1,0
20206911,jhillhousekf@prweb.com,Jenica,Proby,Hillhouse,2003-02-23,0,1
20103770,mdreinankg@gizmodo.com,Mabelle,Chasles,Dreinan,2005-05-17,0,1
20023760,schastanetkh@nhs.uk,Shaughn,Butt Gow,Chastanet,2003-08-05,1,1
20209608,zliklyki@un.org,Zebulon,Northey,Likly,2002-04-24,1,0
20080581,rbraddockkj@redcross.org,Rhoda,Schowenburg,Braddock,1999-07-03,0,1
20215976,ogurgkk@virginia.edu,Oliver,Woodhams,Gurg,1999-10-23,0,0
20070645,lsteddallkl@woothemes.com,Laverna,Stagge,Steddall,2001-08-15,1,0
20165121,mliddardkm@sakura.ne.jp,Merrilee,O'Spillane,Liddard,2002-12-18,1,0
20051339,oburchkn@ca.gov,Obediah,Moens,Burch,2005-12-18,1,1
20112843,abrummellko@issuu.com,Alane,Veneur,Brummell,2004-06-11,1,1
20233531,spowerskp@360.cn,Salomon,Tomik,Powers,1999-09-27,0,1
20171225,coriskq@tripadvisor.com,Chanda,Mathely,Oris,1999-10-11,0,1
20232480,edunleavykr@taobao.com,Elbertine,Rathbone,Dunleavy,2006-10-24,0,1
20156378,gpatienceks@vimeo.com,Gwenni,Beasley,Patience,1999-02-24,1,0
20183016,dstorrekt@g.co,Dahlia,Trenchard,Storre,2000-09-25,1,1
20096512,cdominicacciku@ycombinator.com,Clarisse,Mincher,Dominicacci,2006-12-02,1,1
20011208,rkarolowskikv@aboutads.info,Ramsay,de Copeman,Karolowski,2001-01-22,0,1
20172486,erugierikw@sogou.com,Eran,Witheford,Rugieri,2002-06-11,1,0
20027588,jebbskx@shutterfly.com,Jolie,Roebuck,Ebbs,2004-04-02,1,0
20145209,mbayfordky@rediff.com,Marybelle,Scholefield,Bayford,2006-10-03,1,0
20117761,aweekskz@squidoo.com,Allina,Pedrazzi,Weeks,1999-07-05,0,1
20012316,tgrimmolbyl0@dropbox.com,Terrance,Gapper,Grimmolby,1999-03-03,0,0
20181945,kgoskarl1@indiatimes.com,Kaye,Errowe,Goskar,2000-05-08,1,1
20178705,acowwelll2@ihg.com,Alwyn,todor,Cowwell,2005-10-26,0,1
20132696,nconeyl3@goo.ne.jp,Neely,Barcroft,Coney,2001-07-07,1,1
20148172,cguerreaul4@behance.net,Clo,Deftie,Guerreau,2005-07-01,0,0
20023234,jnylandl5@gmpg.org,Jehu,Corbet,Nyland,2006-01-25,1,0
20071392,pstanistretel6@opensource.org,Paquito,Laying,Stanistrete,2000-04-07,0,1
20006360,wmacdermotl7@yellowpages.com,Willdon,Malcolm,MacDermot,2003-12-03,1,0
20167126,jbedlingtonl8@fastcompany.com,Joella,Avrahamy,Bedlington,2002-09-29,0,0
20083980,cstranksl9@google.it,Caye,Duncklee,Stranks,2005-10-19,0,0
20032228,spetettla@csmonitor.com,Susy,Gildersleeve,Petett,2005-06-16,0,1
20139727,mreinardlb@surveymonkey.com,Millard,Ballam,Reinard,2000-03-10,0,1
20222057,jklosalc@blogspot.com,Joceline,Mundell,Klosa,1999-11-09,0,1
20043315,gredwingld@sogou.com,Grethel,Dunbavin,Redwing,2001-02-21,0,1
20193400,santunezle@apple.com,Silvio,Gilbride,Antunez,2003-12-07,0,1
20225547,lfoukxlf@archive.org,Luke,Geer,Foukx,2004-08-07,1,0
20063798,rwhimperlg@hubpages.com,Rozele,Collar,Whimper,1999-10-27,1,1
20086090,psowdenlh@springer.com,Pooh,Buck,Sowden,2001-08-25,0,0
20138881,cmoffatli@ow.ly,Chantal,Hackinge,Moffat,2005-12-24,0,0
20113090,tscarselj@reference.com,Torey,Riceards,Scarse,2001-08-04,1,1
20132430,cuebellk@bloglines.com,Crosby,Antonik,Uebel,2004-07-12,0,0
20180686,btidmarshll@privacy.gov.au,Bordie,De Rechter,Tidmarsh,1999-05-21,0,1
20096106,bbeecklm@theatlantic.com,Bunny,Blanchard,Beeck,2001-03-22,0,1
20024146,skernerln@webnode.com,Shae,Aisthorpe,Kerner,2001-04-12,0,1
20005455,hthinnlo@epa.gov,Hercules,Fellenor,Thinn,2000-07-02,0,0
20001310,imathislp@ustream.tv,Isabella,Duckhouse,Mathis,2005-12-28,1,1
20210006,lsamettlq@addthis.com,Linn,Lavallie,Samett,2000-05-14,0,1
20121770,ekuberalr@newsvine.com,Eden,Oslar,Kubera,1999-07-06,1,0
20087755,mfennals@flickr.com,Marlie,de Mendoza,Fenna,2006-07-18,0,0
20168123,jjoyeslt@nationalgeographic.com,Jolie,Absalom,Joyes,2006-09-18,0,1
20164677,wemelinelu@nymag.com,Winnifred,Howie,Emeline,2000-07-05,0,1
20043904,tpiserlv@arizona.edu,Tabb,Paolone,Piser,1999-10-08,1,0
20154079,bnemchinovlw@php.net,Bride,Mulvey,Nemchinov,2005-09-25,0,0
20062560,jlyelx@dion.ne.jp,Junette,Bengal,Lye,2006-11-26,0,0
20032296,cschonfelderly@cam.ac.uk,Chryste,Courson,Schonfelder,2006-07-11,0,1
20013401,ewetherilllz@myspace.com,Elspeth,Fieldgate,Wetherill,2001-12-05,1,0
20106095,gfinckem0@techcrunch.com,Gaspard,Everly,Fincke,2003-09-25,0,1
20185266,mburrenm1@aol.com,Mitchell,O'Halligan,Burren,2001-10-08,0,0
20057988,hbrownriggm2@businesswire.com,Howie,Jaquet,Brownrigg,2003-02-26,1,1
20201433,nbartalotm3@marketwatch.com,Nicko,Blackborow,Bartalot,2002-12-06,1,1
20107965,ebowmakerm4@businessinsider.com,Erie,Gheorghe,Bowmaker,2004-08-08,1,0
20181589,mcrillym5@indiegogo.com,Marya,Tedman,Crilly,2005-10-22,1,1
20094687,pcannopm6@google.de,Pyotr,Belleny,Cannop,1999-01-17,0,1
20131693,bbeddardm7@over-blog.com,Bobbie,Vickress,Beddard,2006-08-20,0,1
20066921,rsunterm8@amazon.co.uk,Rodge,Conkie,Sunter,2000-03-11,0,0
20095598,edurnfordm9@house.gov,Edik,Fincke,Durnford,2004-08-29,0,1
20134190,vcaterma@e-recht24.de,Verge,Agron,Cater,2005-05-09,0,0
20130409,cwoolvinmb@mail.ru,Case,Donne,Woolvin,2006-08-29,1,1
20229199,wteressemc@ihg.com,Wheeler,Kenny,Teresse,2005-03-29,0,0
20074718,aharbidgemd@diigo.com,Agnola,Clynter,Harbidge,1999-01-16,1,1
20104351,lmeadusme@house.gov,Lyndsay,Cufley,Meadus,1999-12-01,1,1
20014524,sbradlymf@youtube.com,Sherwynd,Gentile,Bradly,2006-05-26,1,0
20072322,dbeadlesmg@amazon.com,Denyse,Kiossel,Beadles,2002-10-30,1,1
20179732,gmcmennummh@free.fr,Gussi,Shildrake,McMennum,1999-07-18,1,1
20152039,ztidmasmi@flickr.com,Zarah,Spelling,Tidmas,1999-03-20,1,1
20019036,efolimj@google.ru,Elvira,Greenaway,Foli,2004-01-06,0,0
20098442,nmarquesmk@sciencedaily.com,Nathanial,Apedaile,Marques,2000-01-08,0,1
20008629,lhansillml@xinhuanet.com,Lelah,Brende,Hansill,2006-06-20,1,0
20089761,lfishpoolmm@163.com,Lorine,Sirkett,Fishpool,2006-01-16,0,1
20150417,rverrallmn@hatena.ne.jp,Ricoriki,Haylor,Verrall,2004-06-12,0,1
20110531,rmogridgemo@addtoany.com,Rebbecca,Featley,Mogridge,2005-11-05,1,1
20024516,cshawleymp@ocn.ne.jp,Cullan,Ioannou,Shawley,2001-08-19,1,1
20053072,hclitherowmq@businessweek.com,Haskel,Richarz,Clitherow,2000-11-09,0,1
20128670,lcallismr@list-manage.com,Lina,Fiveash,Callis,1999-12-26,1,0
20215097,bmcphadenms@umn.edu,Babb,Hawkey,McPhaden,1999-03-19,1,0
20021926,aduplantiermt@jiathis.com,Adeline,Stoffers,Du Plantier,2005-08-01,1,0
20180648,drummerymu@pagesperso-orange.fr,Deni,MacAndreis,Rummery,2003-12-04,0,1
20137553,bmeconimv@godaddy.com,Beverlie,Sherwen,Meconi,2002-05-21,0,0
20047459,krizzomw@facebook.com,Ky,Allbones,Rizzo,2002-01-24,1,1
20111096,cmerceymx@usa.gov,Celestyn,Hulkes,Mercey,2006-10-20,0,1
20019365,sbontoftmy@typepad.com,Shanie,Milmo,Bontoft,2001-08-28,0,0
20222547,cdomelmz@omniture.com,Christoforo,Hofer,Domel,2006-10-21,0,0
20055804,lbaptistan0@canalblog.com,Louisette,Boutell,Baptista,2004-12-08,0,1
20226486,estoffern1@independent.co.uk,Eileen,Stilgoe,Stoffer,2000-09-26,1,1
20161278,jrohloffn2@hostgator.com,Jarad,Baughen,Rohloff,2001-11-14,0,0
20046485,fburwinn3@state.tx.us,Fifine,Bacup,Burwin,2005-12-02,0,0
20204610,fpinyonn4@jiathis.com,Foss,Stobbes,Pinyon,1999-09-03,1,1
20229484,eruprechtern5@hc360.com,Essie,Carmichael,Ruprechter,2004-12-03,0,1
20125289,iclymon6@examiner.com,Ianthe,Hoolaghan,Clymo,2004-10-24,1,1
20077648,fropertn7@latimes.com,Filippo,Feak,Ropert,2003-06-01,0,0
20164308,eyurenevn8@technorati.com,Elissa,de Castelain,Yurenev,2005-05-03,0,1
20214534,iturfordn9@exblog.jp,Ignaz,Brant,Turford,2000-03-07,0,1
20231348,ptheuffna@wired.com,Paulie,Walkinshaw,Theuff,2004-08-15,1,1
20212235,sstraunnb@networksolutions.com,Smith,Wolstencroft,Straun,2002-01-27,1,0
20154397,psendsnc@zimbio.com,Pren,Tegler,Sends,2005-11-06,0,0
20069480,kforrend@ftc.gov,Kirsti,Edson,Forre,2005-04-17,1,0
20218778,dmaidenne@csmonitor.com,Dre,Ilieve,Maiden,1999-09-26,1,0
20220018,mlongmuirnf@narod.ru,Merrilee,Life,Longmuir,2001-01-24,1,1
20088388,tjessonng@amazon.de,Timmi,Arnason,Jesson,2003-11-26,0,0
20037654,cgoggannh@wsj.com,Creight,Dowry,Goggan,2002-11-06,0,1
20228687,rtrouncerni@webs.com,Rosalynd,Dane,Trouncer,2001-01-01,0,0
20181960,cwhaphamnj@stumbleupon.com,Cherri,Munnings,Whapham,2005-09-28,0,0
20218520,dmaccaugheynk@cafepress.com,Dwain,Manshaw,MacCaughey,2004-01-09,1,1
20178184,nvallerynl@studiopress.com,Nessie,Frede,Vallery,1999-07-07,0,1
20183128,chammantnm@typepad.com,Chelsea,Defries,Hammant,2005-03-31,0,0
20183053,hspreckleynn@dagondesign.com,Hugibert,Macauley,Spreckley,2005-10-05,1,1
20176390,mdonnisonno@buzzfeed.com,Madelon,Ladewig,Donnison,2005-10-21,0,1
20083414,rmcgingnp@issuu.com,Rosalinda,Clearie,McGing,2005-04-09,0,1
20140758,siacoponq@clickbank.net,Sallie,Jatczak,Iacopo,1999-01-18,1,0
20224754,cpallisnr@phpbb.com,Camella,Skipworth,Pallis,2002-02-14,0,1
20075309,npibworthns@google.nl,Nettie,Risdall,Pibworth,2005-05-05,0,0
20062855,kickeringillnt@jimdo.com,Ker,Cornejo,Ickeringill,1999-04-02,0,0
20013023,eglasmannu@usatoday.com,Ellen,Bateman,Glasman,2002-12-08,0,1
20204165,ahannumnv@usnews.com,Aliza,Blonfield,Hannum,2002-03-25,1,1
20089244,leastgatenw@amazonaws.com,Lindsey,Dyton,Eastgate,2004-04-24,0,1
20193449,dcuthbertsonnx@jugem.jp,Devina,Gladeche,Cuthbertson,2005-01-15,1,1
20058261,malliottny@hao123.com,Mendel,Winthrop,Alliott,2003-07-04,1,1
20026379,cearwakernz@constantcontact.com,Cinderella,Janson,Earwaker,1999-06-25,1,1
20116283,sdomano0@gizmodo.com,Sallyann,Garthside,Doman,2000-04-30,0,0
20163992,ereboulo1@state.gov,Elmira,Honeywood,Reboul,2004-02-28,0,1
20031187,eclissoldo2@dailymail.co.uk,Ernest,Niesel,Clissold,2002-04-21,0,0
20087895,gdurtnalo3@examiner.com,Gilburt,Toffoloni,Durtnal,1999-11-27,0,0
20212920,efeathersbyo4@java.com,Ewell,Rettie,Feathersby,1999-03-04,1,1
20010595,fscrowsono5@slideshare.net,Flem,Assante,Scrowson,2003-06-02,0,1
20025517,hewensono6@marketwatch.com,Hinze,Heningam,Ewenson,2001-03-24,0,1
20183021,bpuddeno7@umich.edu,Bellanca,Golborne,Pudden,2002-10-01,1,1
20066712,bpenniallo8@epa.gov,Beaufort,Huston,Penniall,2006-08-30,0,1
20079651,adellenbacho9@princeton.edu,Arabella,Sibbe,Dellenbach,2000-06-06,1,1
20025862,kgallawayoa@thetimes.co.uk,Klement,Hurrion,Gallaway,2001-01-11,1,1
20109655,llangelaanob@last.fm,Ly,Risbie,Langelaan,2006-10-14,0,0
20067947,flivingstoneoc@pbs.org,Frederik,Edwards,Livingstone,2003-04-27,1,0
20149505,mfawthorpeod@washington.edu,Margret,Hustings,Fawthorpe,2006-05-09,0,1
20167886,ereavelloe@deviantart.com,Esra,Riach,Reavell,2006-11-11,1,1
20009284,mneathwayof@dmoz.org,Madella,Rosendahl,Neathway,2003-10-19,0,0
20007151,dsolanog@nytimes.com,Demetrius,Purbrick,Solan,1999-12-14,1,0
20146830,dcattowoh@cbslocal.com,Dael,Legerwood,Cattow,2000-10-17,1,1
20041144,bdemongeotoi@seesaa.net,Brigida,Malletratt,Demongeot,2000-08-18,0,0
20172971,cmincinioj@godaddy.com,Carlie,Tousey,Mincini,2001-11-02,0,1
20171799,hkubeckaok@friendfeed.com,Hayes,Linthead,Kubecka,2002-01-15,1,1
20095485,pholbarrowol@ucla.edu,Patton,Basnett,Holbarrow,2004-11-23,1,0
20081962,dchaperlinom@free.fr,Denna,Malzard,Chaperlin,2006-05-26,0,1
20029064,rpoldingon@nasa.gov,Raimondo,Downham,Polding,2004-10-04,0,0
20081179,dedgeroo@home.pl,Drugi,Creebo,Edger,2003-11-17,1,0
20202642,gdurtnellop@meetup.com,Gusta,Schurig,Durtnell,1999-08-14,1,0
20206323,clillegardoq@state.gov,Carce,de Quesne,Lillegard,2005-07-26,1,1
20065300,ggodballor@psu.edu,Gypsy,Bousquet,Godball,2003-03-25,0,1
20036332,jschottos@geocities.com,Jecho,Bankhurst,Schott,2004-04-11,1,0
20164191,akarlolczakot@4shared.com,Amanda,Arnao,Karlolczak,2003-04-25,1,1
20066904,apawlettou@wikia.com,Alasteir,Dax,Pawlett,2000-03-22,1,0
20018917,palburyov@cargocollective.com,Paxon,Gilliard,Albury,1999-12-04,0,1
20204263,twinsiowieckiow@addthis.com,Tammara,Ilyas,Winsiowiecki,2004-08-06,0,1
20058002,ccanavanox@macromedia.com,Cleveland,Hinnerk,Canavan,1999-12-13,0,1
20180241,cmingeyoy@lulu.com,Calhoun,Kix,Mingey,1999-11-06,0,1
20128809,dheskinoz@ameblo.jp,Delphinia,Adlington,Heskin,2004-06-11,1,0
20167501,nbouldp0@diigo.com,Napoleon,Hufton,Bould,2003-06-16,1,0
20143144,gcoytesp1@skype.com,Gearalt,Shoreson,Coytes,2005-04-27,0,0
20138927,dpleagerp2@wikipedia.org,Derward,Noke,Pleager,2001-04-01,0,0
20184803,cearingeyp3@sitemeter.com,Claudetta,Hubane,Earingey,2004-12-03,1,0
20214836,gsilverthornp4@globo.com,Garth,Ingledew,Silverthorn,2002-02-04,1,1
20028678,glivingstonp5@apple.com,Griff,Kohnert,Livingston,2005-10-25,0,0
20132226,ibortolinip6@unicef.org,Ileana,Halligan,Bortolini,2006-09-21,1,0
20031932,cpetroulisp7@deliciousdays.com,Cody,Comini,Petroulis,2002-03-07,1,0
20125084,sfrichleyp8@dell.com,Suzie,Berntsson,Frichley,2005-09-19,0,1
20239758,vvanaccip9@wisc.edu,Vanda,Abberley,Vanacci,2000-06-15,1,0
20009023,ckitmanpa@buzzfeed.com,Colette,Cunrado,Kitman,2006-11-06,0,0
20112456,mosbidstonpb@digg.com,Muffin,Liell,Osbidston,2003-05-21,1,1
20040831,crojaspc@ucla.edu,Cale,Bradtke,Rojas,1999-02-22,1,1
20228912,aridulfopd@cbslocal.com,Adolphe,Cockburn,Ridulfo,2000-09-14,1,1
20039294,ntrinbeype@free.fr,Noam,McKean,Trinbey,2003-02-22,0,0
20132525,preboulpf@marriott.com,Patrizius,Barbour,Reboul,2001-01-03,1,1
20209283,ireddpg@odnoklassniki.ru,Ichabod,Howitt,Redd,2001-10-17,1,1
20059247,jcollibearph@dion.ne.jp,Jolynn,Quakley,Collibear,2002-12-02,1,1
20032331,lgorriepi@about.me,Loise,Sivil,Gorrie,1999-02-24,1,1
20162899,mwandrichpj@forbes.com,Murielle,Waggatt,Wandrich,2006-03-22,1,0
20142281,gneaversonpk@tripadvisor.com,Gustie,Lurriman,Neaverson,2002-12-17,0,0
20000441,lvoulespl@opensource.org,Lorine,Vines,Voules,2000-05-26,0,1
20081346,abedrosianpm@archive.org,Addison,Caurah,Bedrosian,1999-12-03,1,1
20127993,ckibbypn@eventbrite.com,Celka,Cordelette,Kibby,2006-02-06,0,0
20029525,palgeopo@google.com.hk,Pauli,Dybald,Algeo,2005-11-13,0,1
20123693,aknevitpp@shinystat.com,Alvin,Abrahamoff,Knevit,2006-12-15,0,1
20215609,cheinzlerpq@wp.com,Claudelle,Inkles,Heinzler,2005-01-08,1,1
20032787,sakesterpr@ameblo.jp,Silvester,Allsepp,Akester,2000-06-11,0,0
20161970,vbilbyps@odnoklassniki.ru,Valera,Schaumaker,Bilby,2003-02-26,1,1
20180291,kmccarronpt@twitter.com,Kacie,Stripp,McCarron,2002-06-30,1,0
20170754,iwhifepu@bloglovin.com,Iggie,Offner,Whife,2005-05-09,0,0
20038150,abesseypv@acquirethisname.com,Andrus,Treagust,Bessey,2003-07-17,0,1
20144908,kcherrettpw@alibaba.com,Katrina,Prosch,Cherrett,2001-10-25,1,1
20018020,nhirjakpx@ted.com,Northrup,Ledrun,Hirjak,2002-09-27,0,1
20131794,vschrirenpy@canalblog.com,Verena,Mathouse,Schriren,2004-06-22,1,0
20233103,rcorrepz@amazon.co.jp,Rogers,Rieflin,Corre,1999-01-13,0,1
20025094,fpickanceq0@sitemeter.com,Fairlie,Boncore,Pickance,2004-07-23,0,1
20194421,scherryholmeq1@loc.gov,Sena,Abelovitz,Cherry Holme,2000-01-17,0,1
20146793,smitrikhinq2@nymag.com,Stevie,Cozzi,Mitrikhin,2001-06-26,0,1
20183264,scanetq3@nature.com,Sharlene,Haslum,Canet,2003-03-04,0,0
20045605,krockliffeq4@51.la,Kissiah,Asquith,Rockliffe,2005-04-13,0,0
20161051,egravyq5@huffingtonpost.com,Em,Cochran,Gravy,2003-04-24,1,0
20210496,kbeltq6@cam.ac.uk,Katinka,Casswell,Belt,2006-08-14,0,1
20113630,dwenningtonq7@nationalgeographic.com,Dewey,Tripet,Wennington,1999-02-08,0,1
20206806,jjoseq8@pen.io,Janis,Methringham,Jose,2000-09-23,0,0
20201282,jabbetq9@un.org,Joletta,Jans,Abbet,2005-12-11,1,1
20147987,dhalleyboneqa@examiner.com,Dee,Gibbie,Halleybone,2002-03-19,0,1
20133774,btunnowqb@ovh.net,Beryl,Penrith,Tunnow,1999-04-04,0,0
20085876,dcareyqc@ucoz.com,Devi,Drissell,Carey,2000-01-28,0,0
20098346,raudryqd@reuters.com,Reggy,Durram,Audry,2003-12-20,1,1
20101201,meykelboschqe@blogspot.com,Maxy,Stubs,Eykelbosch,2004-06-27,1,0
20080725,lrizzelloqf@chicagotribune.com,Lenette,Bigglestone,Rizzello,2004-05-05,1,1
20010473,bmaccathayqg@histats.com,Blinnie,Roswarn,MacCathay,2006-08-28,1,0
20043361,bkynetonqh@intel.com,Berkie,Baylay,Kyneton,2000-09-11,0,1
20120513,hadamoqi@nasa.gov,Hazlett,Bewsy,Adamo,2000-04-28,1,0
20125163,olockleyqj@washingtonpost.com,Oliver,Rendall,Lockley,2000-02-01,1,0
20045805,cstockfordqk@oracle.com,Chrysa,Beamond,Stockford,2004-06-07,1,0
20037088,maplinql@jigsy.com,Maryl,Dilrew,Aplin,2005-12-28,0,0
20113966,hszymaniakqm@merriam-webster.com,Haskel,Ivons,Szymaniak,1999-07-31,1,0
20017971,cespinaqn@a8.net,Clarice,Astbery,Espina,2001-05-08,1,0
20114118,bdalesqo@mayoclinic.com,Brande,Montel,Dales,2000-02-03,1,0
20061254,lmcginlyqp@webeden.co.uk,Lesley,Amsden,McGinly,2001-01-17,1,0
20148236,vgirardyqq@noaa.gov,Val,Nansom,Girardy,2005-10-17,1,1
20109531,bsayseqr@ask.com,Bay,MacAlpyne,Sayse,2003-01-20,1,1
20169655,detonqs@bbb.org,Dunn,Iozefovich,Eton,2006-06-10,0,1
20184503,abanburyqt@globo.com,Abel,Rousell,Banbury,2005-05-19,0,1
20104433,blawleyqu@jalbum.net,Batholomew,Zanicchi,Lawley,1999-03-04,1,0
20172397,rpetrushankoqv@biglobe.ne.jp,Rosemaria,Hoys,Petrushanko,2006-10-16,0,1
20148562,abugdaleqw@rediff.com,Anatol,Freschi,Bugdale,2006-01-04,1,1
20018466,sliversidgeqx@whitehouse.gov,Sibbie,Fereday,Liversidge,2004-08-02,1,0
20151782,mcardinaleqy@msu.edu,Mill,Varnals,Cardinale,2006-11-01,1,0
20034186,tacremanqz@guardian.co.uk,Timothea,Warlton,Acreman,2005-01-21,0,0
20099687,hharbidger0@wikia.com,Hadrian,Cradoc,Harbidge,2006-05-24,0,0
20022172,rchesselr1@npr.org,Ruperto,Ferrige,Chessel,2002-10-18,1,0
20160289,bkayserr2@yellowbook.com,Berti,Blackman,Kayser,2003-01-09,1,0
20194748,pjorinr3@wp.com,Pru,Dradey,Jorin,2003-12-05,1,1
20153215,dgoskarr4@nydailynews.com,Daphene,McLarty,Goskar,2003-02-04,1,1
20013169,nhedworthr5@istockphoto.com,Nikolai,Rewbottom,Hedworth,2001-10-01,0,1
20128579,lwardellr6@google.ru,Lane,Boulton,Wardell,2003-11-15,1,1
20206541,tbykr7@edublogs.org,Thorstein,Liggett,Byk,1999-09-29,1,0
20020257,ckightlyr8@histats.com,Cornell,Bendley,Kightly,2003-07-31,0,0
20217922,msmallesr9@walmart.com,Maggee,Essel,Smalles,2003-11-02,1,0
20193678,lcartnerra@twitpic.com,Loutitia,Bockmaster,Cartner,1999-05-21,0,1
20136577,jcraykrb@xinhuanet.com,Jada,Skade,Crayk,2006-10-01,1,1
20097350,sbewickerc@sina.com.cn,Shellie,Iannelli,Bewicke,2000-07-24,0,1
20117024,ssustinsrd@webnode.com,Suki,Leahey,Sustins,2000-01-09,1,1
20110291,mskonere@wordpress.com,Marlo,Morsley,Skone,2001-09-18,1,1
20137546,bgrundwaterrf@friendfeed.com,Baudoin,Pagon,Grundwater,2003-07-07,1,0
20047799,gmaudettrg@skype.com,Gunilla,Hatton,Maudett,2000-01-21,0,0
20211251,mbesantierh@ebay.com,Marysa,Plan,Besantie,2000-03-26,1,0
20239155,abaythropri@latimes.com,Arin,Tsar,Baythrop,2006-08-02,0,0
20023519,ihawyesrj@loc.gov,Isidoro,Guyet,Hawyes,2004-01-22,1,1
20127732,imedendorprk@apple.com,Isidor,Tothacot,Medendorp,1999-12-28,0,1
20046301,mgilmanrl@newsvine.com,Myrtia,Weavers,Gilman,2005-01-20,0,1
20026444,mcowlasrm@jimdo.com,Mallory,Brundell,Cowlas,2006-11-11,0,1
20149108,marchrn@nih.gov,Michele,Staniforth,Arch,2000-08-09,1,1
20031309,lwoolacottro@mapy.cz,Laureen,Duester,Woolacott,2003-05-08,1,1
20055041,atimlettrp@japanpost.jp,Andromache,Jiroutek,Timlett,2004-04-17,0,1
20105748,jcescotirq@businessinsider.com,Julianna,Pulteneye,Cescoti,2003-08-04,1,0
20166633,bsomnerrr@redcross.org,Burton,Foord,Somner,1999-09-27,0,1